-- --------------------------------------------------------
-- Host:                         127.0.0.1
-- Versi server:                 11.2.2-MariaDB - mariadb.org binary distribution
-- OS Server:                    Win64
-- HeidiSQL Versi:               12.3.0.6589
-- --------------------------------------------------------

/*!40101 SET @OLD_CHARACTER_SET_CLIENT=@@CHARACTER_SET_CLIENT */;
/*!40101 SET NAMES utf8 */;
/*!50503 SET NAMES utf8mb4 */;
/*!40103 SET @OLD_TIME_ZONE=@@TIME_ZONE */;
/*!40103 SET TIME_ZONE='+00:00' */;
/*!40014 SET @OLD_FOREIGN_KEY_CHECKS=@@FOREIGN_KEY_CHECKS, FOREIGN_KEY_CHECKS=0 */;
/*!40101 SET @OLD_SQL_MODE=@@SQL_MODE, SQL_MODE='NO_AUTO_VALUE_ON_ZERO' */;
/*!40111 SET @OLD_SQL_NOTES=@@SQL_NOTES, SQL_NOTES=0 */;

-- Membuang data untuk tabel skate_db.contact_persons: ~0 rows (lebih kurang)

-- Membuang data untuk tabel skate_db.failed_jobs: ~0 rows (lebih kurang)

-- Membuang data untuk tabel skate_db.menus: ~6 rows (lebih kurang)
INSERT INTO `menus` (`id`, `menu`, `url`, `icon`, `slug`, `parent_id`, `tab_id`, `created_at`, `updated_at`) VALUES
	(1, 'Dashboard', '/dashboard', 'fa-solid fa-house', 'dashboard', '0', '1', '2023-11-23 07:12:34', '2023-11-23 07:12:34'),
	(2, 'Tim & Peserta', '/team', 'fa-solid fa-people-group', 'tim', '0', '1', '2023-11-23 07:12:34', '2023-11-23 07:12:34'),
	(3, 'Turnamen', '/tournament', 'fa-solid fa-trophy', 'turnamen', '0', '1', '2023-11-23 07:12:34', '2023-11-23 07:12:34'),
	(4, 'Pertandingan', '/participant', 'fa-solid fa-person-skating', 'pertandingan', '0', '1', '2023-11-23 07:12:34', '2023-11-23 07:12:34'),
	(5, 'Pengguna', '/user', 'fa-solid fa-user', 'user', '0', '2', '2023-11-23 07:12:34', '2023-11-23 07:12:34'),
	(6, 'Ganti Password', '/password', 'fa-solid fa-lock', 'password', '0', '3', '2023-11-23 07:12:34', '2023-11-23 07:12:34');

-- Membuang data untuk tabel skate_db.migrations: ~18 rows (lebih kurang)
INSERT INTO `migrations` (`id`, `migration`, `batch`) VALUES
	(271, '2014_10_11_124028_create_roles_table', 1),
	(272, '2014_10_12_000000_create_users_table', 1),
	(273, '2014_10_12_100000_create_password_reset_tokens_table', 1),
	(274, '2019_08_19_000000_create_failed_jobs_table', 1),
	(275, '2019_12_14_000001_create_personal_access_tokens_table', 1),
	(276, '2023_05_21_095217_create_profiles_table', 1),
	(277, '2023_05_27_060115_create_menus_table', 1),
	(278, '2023_08_12_041859_create_teams_table', 1),
	(279, '2023_08_12_041912_create_team_members_table', 1),
	(280, '2023_08_12_041923_create_tournaments_table', 1),
	(281, '2023_08_12_041931_create_tournament_groups_table', 1),
	(282, '2023_08_12_041938_create_tournament_participants_table', 1),
	(284, '2023_08_15_013852_create_contact_persons_table', 1),
	(285, '2023_08_27_041033_create_teams_log_table', 1),
	(286, '2023_08_27_041036_trigger_team', 1),
	(287, '2023_08_28_033620_create_team_members_log_table', 1),
	(288, '2023_08_28_033621_trigger_team_member', 1),
	(289, '2023_11_05_092237_create_group_rounds_table', 1);

-- Membuang data untuk tabel skate_db.participant_tournament_detail: ~255 rows (lebih kurang)
INSERT INTO `participant_tournament_detail` (`id`, `participant_id`, `group_id`, `time`, `seat`, `round`, `created_at`, `updated_at`) VALUES
	(1, 10, 2, '00:27:395', 1, 1, '2023-11-23 19:11:24', '2023-11-24 01:19:15'),
	(2, 15, 2, '00:26:450', 1, 1, '2023-11-23 19:11:24', '2023-11-24 01:20:59'),
	(3, 4, 2, '00:00:000', 1, 1, '2023-11-23 19:11:24', '2023-11-23 19:11:24'),
	(4, 5, 2, '00:28:210', 1, 1, '2023-11-23 19:11:24', '2023-11-24 01:12:13'),
	(5, 8, 2, '00:24:285', 1, 1, '2023-11-23 19:11:24', '2023-11-24 01:15:58'),
	(6, 7, 2, '00:35:001', 1, 1, '2023-11-23 19:11:24', '2023-11-24 01:14:24'),
	(7, 6, 2, '00:25:525', 1, 1, '2023-11-23 19:11:24', '2023-11-24 01:12:46'),
	(8, 2, 2, '00:20:925', 1, 1, '2023-11-23 19:11:24', '2023-11-24 01:10:14'),
	(9, 14, 2, '00:29:896', 1, 1, '2023-11-23 19:11:24', '2023-11-24 01:21:31'),
	(10, 11, 2, '00:00:000', 1, 1, '2023-11-23 19:11:24', '2023-11-23 19:11:24'),
	(11, 16, 2, '00:23:495', 1, 1, '2023-11-23 19:11:24', '2023-11-24 01:20:35'),
	(12, 3, 2, '00:21:396', 1, 1, '2023-11-23 19:11:24', '2023-11-24 01:11:17'),
	(13, 1, 2, '00:24:273', 1, 1, '2023-11-23 19:11:24', '2023-11-24 01:09:43'),
	(14, 9, 2, '00:00:000', 1, 1, '2023-11-23 19:11:24', '2023-11-23 19:11:24'),
	(15, 12, 2, '00:00:000', 1, 1, '2023-11-23 19:11:24', '2023-11-23 19:11:24'),
	(16, 13, 2, '00:32:650', 1, 1, '2023-11-23 19:11:24', '2023-11-24 01:19:43'),
	(17, 17, 1, '00:26:615', 1, 1, '2023-11-23 19:12:22', '2023-11-24 01:29:27'),
	(18, 18, 1, '00:00:000', 1, 1, '2023-11-23 19:12:22', '2023-11-23 19:12:22'),
	(19, 19, 1, '00:24:665', 1, 1, '2023-11-23 19:12:22', '2023-11-24 01:28:48'),
	(20, 20, 1, '00:00:000', 1, 1, '2023-11-23 19:12:22', '2023-11-23 19:12:22'),
	(21, 21, 1, '00:21:685', 1, 1, '2023-11-23 19:12:23', '2023-11-24 01:26:50'),
	(22, 22, 1, '00:22:805', 1, 1, '2023-11-23 19:12:23', '2023-11-24 01:28:13'),
	(23, 23, 1, '00:24:584', 1, 1, '2023-11-23 19:12:23', '2023-11-24 01:28:30'),
	(24, 62, 4, '00:00:000', 1, 1, '2023-11-23 19:23:09', '2023-11-23 19:23:09'),
	(25, 53, 4, '00:23:262', 1, 1, '2023-11-23 19:23:09', '2023-11-24 02:16:03'),
	(26, 51, 4, '00:21:065', 1, 1, '2023-11-23 19:23:09', '2023-11-24 02:13:21'),
	(27, 61, 4, '00:22:080', 1, 1, '2023-11-23 19:23:09', '2023-11-24 02:13:59'),
	(28, 50, 4, '00:22:275', 1, 1, '2023-11-23 19:23:09', '2023-11-24 02:14:23'),
	(29, 54, 4, '00:21:541', 1, 1, '2023-11-23 19:23:09', '2023-11-24 02:13:37'),
	(30, 56, 4, '00:23:780', 1, 1, '2023-11-23 19:23:09', '2023-11-24 02:16:18'),
	(31, 52, 4, '00:22:780', 1, 1, '2023-11-23 19:23:09', '2023-11-24 02:14:48'),
	(32, 58, 4, '00:23:160', 1, 1, '2023-11-23 19:23:09', '2023-11-24 02:15:39'),
	(33, 59, 4, '00:24:004', 1, 1, '2023-11-23 19:23:09', '2023-11-24 02:16:54'),
	(34, 57, 4, '00:23:836', 1, 1, '2023-11-23 19:23:09', '2023-11-24 02:16:36'),
	(35, 55, 4, '00:23:069', 1, 1, '2023-11-23 19:23:09', '2023-11-24 02:15:22'),
	(36, 60, 4, '00:22:840', 1, 1, '2023-11-23 19:23:09', '2023-11-24 02:15:05'),
	(37, 63, 4, '00:00:000', 1, 1, '2023-11-23 19:23:09', '2023-11-23 19:23:09'),
	(38, 43, 3, '00:22:293', 1, 1, '2023-11-23 19:31:02', '2023-11-24 01:44:52'),
	(39, 30, 3, '00:23:700', 1, 1, '2023-11-23 19:31:03', '2023-11-24 01:45:24'),
	(40, 32, 3, '00:25:948', 1, 1, '2023-11-23 19:31:03', '2023-11-24 01:47:57'),
	(41, 36, 3, '00:21:771', 1, 1, '2023-11-23 19:31:03', '2023-11-24 01:48:58'),
	(42, 48, 3, '00:22:890', 1, 1, '2023-11-23 19:31:03', '2023-11-24 01:49:59'),
	(43, 46, 3, '00:20:320', 1, 1, '2023-11-23 19:31:03', '2023-11-24 01:50:23'),
	(44, 31, 3, '00:23:585', 1, 1, '2023-11-23 19:31:03', '2023-11-24 01:51:26'),
	(45, 38, 3, '00:24:290', 1, 1, '2023-11-23 19:31:03', '2023-11-24 01:52:26'),
	(46, 35, 3, '00:24:396', 1, 1, '2023-11-23 19:31:03', '2023-11-24 01:56:55'),
	(47, 40, 3, '00:23:190', 1, 1, '2023-11-23 19:31:03', '2023-11-24 01:57:15'),
	(48, 44, 3, '00:22:204', 1, 1, '2023-11-23 19:31:03', '2023-11-24 01:58:20'),
	(49, 34, 3, '00:21:675', 1, 1, '2023-11-23 19:31:03', '2023-11-24 01:59:39'),
	(50, 42, 3, '00:26:210', 1, 1, '2023-11-23 19:31:03', '2023-11-24 02:01:47'),
	(51, 45, 3, '00:22:725', 1, 1, '2023-11-23 19:31:03', '2023-11-24 02:02:49'),
	(52, 41, 3, '00:24:000', 1, 1, '2023-11-23 19:31:03', '2023-11-24 02:06:02'),
	(53, 47, 3, '00:22:628', 1, 1, '2023-11-23 19:31:03', '2023-11-24 02:06:50'),
	(54, 33, 3, '00:22:705', 1, 1, '2023-11-23 19:31:03', '2023-11-24 02:07:49'),
	(55, 49, 3, '00:22:965', 1, 1, '2023-11-23 19:31:03', '2023-11-24 02:08:38'),
	(56, 39, 3, '00:23:100', 1, 1, '2023-11-23 19:31:03', '2023-11-24 02:11:02'),
	(57, 37, 3, '00:24:410', 1, 1, '2023-11-23 19:31:03', '2023-11-24 02:11:12'),
	(58, 134, 7, '00:18:815', 1, 1, '2023-11-23 19:39:28', '2023-11-24 04:07:19'),
	(59, 126, 7, '00:18:860', 1, 1, '2023-11-23 19:39:28', '2023-11-24 03:59:34'),
	(60, 139, 7, '00:18:307', 1, 1, '2023-11-23 19:39:28', '2023-11-24 04:08:17'),
	(61, 149, 7, '00:00:000', 1, 1, '2023-11-23 19:39:28', '2023-11-23 19:39:28'),
	(62, 137, 7, '00:17:285', 1, 1, '2023-11-23 19:39:28', '2023-11-24 04:05:30'),
	(63, 144, 7, '00:22:635', 1, 1, '2023-11-23 19:39:28', '2023-11-24 04:11:11'),
	(64, 130, 7, '00:20:910', 1, 1, '2023-11-23 19:39:28', '2023-11-24 04:02:51'),
	(65, 147, 7, '00:18:727', 1, 1, '2023-11-23 19:39:28', '2023-11-24 04:17:33'),
	(66, 128, 7, '00:18:990', 1, 1, '2023-11-23 19:39:28', '2023-11-24 04:00:38'),
	(67, 133, 7, '00:18:560', 1, 1, '2023-11-23 19:39:28', '2023-11-24 04:06:48'),
	(68, 148, 7, '00:22:420', 1, 1, '2023-11-23 19:39:28', '2023-11-24 04:16:13'),
	(69, 141, 7, '00:18:205', 1, 1, '2023-11-23 19:39:28', '2023-11-24 04:09:11'),
	(70, 145, 7, '00:00:000', 1, 1, '2023-11-23 19:39:28', '2023-11-23 19:39:28'),
	(71, 150, 7, '00:19:070', 1, 1, '2023-11-23 19:39:28', '2023-11-24 04:15:29'),
	(72, 131, 7, '00:18:910', 1, 1, '2023-11-23 19:39:28', '2023-11-24 04:03:56'),
	(73, 136, 7, '00:17:340', 1, 1, '2023-11-23 19:39:28', '2023-11-24 04:28:07'),
	(74, 129, 7, '00:19:080', 1, 1, '2023-11-23 19:39:28', '2023-11-24 04:01:31'),
	(75, 140, 7, '00:17:875', 1, 1, '2023-11-23 19:39:28', '2023-11-24 04:08:43'),
	(76, 135, 7, '00:18:995', 1, 1, '2023-11-23 19:39:28', '2023-11-24 04:07:44'),
	(77, 138, 7, '00:20:350', 1, 1, '2023-11-23 19:39:28', '2023-11-24 04:26:58'),
	(78, 125, 7, '00:17:550', 1, 1, '2023-11-23 19:39:28', '2023-11-24 03:59:10'),
	(79, 143, 7, '00:18:475', 1, 1, '2023-11-23 19:39:28', '2023-11-24 04:10:13'),
	(80, 132, 7, '00:20:430', 1, 1, '2023-11-23 19:39:28', '2023-11-24 04:06:10'),
	(81, 127, 7, '00:21:295', 1, 1, '2023-11-23 19:39:28', '2023-11-24 04:00:23'),
	(82, 146, 7, '00:21:044', 1, 1, '2023-11-23 19:39:28', '2023-11-24 04:18:56'),
	(83, 142, 7, '00:20:455', 1, 1, '2023-11-23 19:39:28', '2023-11-24 04:09:45'),
	(84, 228, 11, '00:00:000', 1, 1, '2023-11-23 20:14:30', '2023-11-23 20:14:30'),
	(85, 229, 11, '00:00:000', 1, 1, '2023-11-23 20:14:30', '2023-11-23 20:14:30'),
	(86, 230, 11, '00:00:000', 1, 1, '2023-11-23 20:14:30', '2023-11-23 20:14:30'),
	(87, 231, 11, '00:00:000', 1, 1, '2023-11-23 20:14:30', '2023-11-23 20:14:30'),
	(88, 232, 11, '00:00:000', 1, 1, '2023-11-23 20:14:30', '2023-11-23 20:14:30'),
	(89, 233, 11, '00:00:000', 1, 1, '2023-11-23 20:14:30', '2023-11-23 20:14:30'),
	(90, 234, 11, '00:00:000', 1, 1, '2023-11-23 20:14:30', '2023-11-23 20:14:30'),
	(91, 265, 13, '00:00:000', 1, 1, '2023-11-23 20:14:42', '2023-11-23 20:14:42'),
	(92, 257, 13, '00:00:000', 1, 1, '2023-11-23 20:14:42', '2023-11-23 20:14:42'),
	(93, 261, 13, '00:00:000', 1, 1, '2023-11-23 20:14:42', '2023-11-23 20:14:42'),
	(94, 255, 13, '00:00:000', 1, 1, '2023-11-23 20:14:42', '2023-11-23 20:14:42'),
	(95, 267, 13, '00:00:000', 1, 1, '2023-11-23 20:14:42', '2023-11-23 20:14:42'),
	(96, 260, 13, '00:00:000', 1, 1, '2023-11-23 20:14:42', '2023-11-23 20:14:42'),
	(97, 258, 13, '00:00:000', 1, 1, '2023-11-23 20:14:42', '2023-11-23 20:14:42'),
	(98, 266, 13, '00:00:000', 1, 1, '2023-11-23 20:14:42', '2023-11-23 20:14:42'),
	(99, 256, 13, '00:00:000', 1, 1, '2023-11-23 20:14:42', '2023-11-23 20:14:42'),
	(100, 262, 13, '00:00:000', 1, 1, '2023-11-23 20:14:42', '2023-11-23 20:14:42'),
	(101, 264, 13, '00:00:000', 1, 1, '2023-11-23 20:14:42', '2023-11-23 20:14:42'),
	(102, 268, 13, '00:00:000', 1, 1, '2023-11-23 20:14:42', '2023-11-23 20:14:42'),
	(103, 263, 13, '00:00:000', 1, 1, '2023-11-23 20:14:42', '2023-11-23 20:14:42'),
	(104, 259, 13, '00:00:000', 1, 1, '2023-11-23 20:14:42', '2023-11-23 20:14:42'),
	(105, 236, 14, '00:00:000', 1, 1, '2023-11-23 20:15:45', '2023-11-23 20:15:45'),
	(106, 248, 14, '00:00:000', 1, 1, '2023-11-23 20:15:45', '2023-11-23 20:15:45'),
	(107, 240, 14, '00:00:000', 1, 1, '2023-11-23 20:15:45', '2023-11-23 20:15:45'),
	(108, 243, 14, '00:00:000', 1, 1, '2023-11-23 20:15:45', '2023-11-23 20:15:45'),
	(109, 244, 14, '00:00:000', 1, 1, '2023-11-23 20:15:45', '2023-11-23 20:15:45'),
	(110, 251, 14, '00:00:000', 1, 1, '2023-11-23 20:15:45', '2023-11-23 20:15:45'),
	(111, 245, 14, '00:00:000', 1, 1, '2023-11-23 20:15:45', '2023-11-23 20:15:45'),
	(112, 254, 14, '00:00:000', 1, 1, '2023-11-23 20:15:45', '2023-11-23 20:15:45'),
	(113, 235, 14, '00:00:000', 1, 1, '2023-11-23 20:15:45', '2023-11-23 20:15:45'),
	(114, 249, 14, '00:00:000', 1, 1, '2023-11-23 20:15:45', '2023-11-23 20:15:45'),
	(115, 242, 14, '00:00:000', 1, 1, '2023-11-23 20:15:45', '2023-11-23 20:15:45'),
	(116, 238, 14, '00:00:000', 1, 1, '2023-11-23 20:15:45', '2023-11-23 20:15:45'),
	(117, 253, 14, '00:00:000', 1, 1, '2023-11-23 20:15:45', '2023-11-23 20:15:45'),
	(118, 237, 14, '00:00:000', 1, 1, '2023-11-23 20:15:45', '2023-11-23 20:15:45'),
	(119, 241, 14, '00:00:000', 1, 1, '2023-11-23 20:15:45', '2023-11-23 20:15:45'),
	(120, 247, 14, '00:00:000', 1, 1, '2023-11-23 20:15:45', '2023-11-23 20:15:45'),
	(121, 252, 14, '00:00:000', 1, 1, '2023-11-23 20:15:45', '2023-11-23 20:15:45'),
	(122, 239, 14, '00:00:000', 1, 1, '2023-11-23 20:15:45', '2023-11-23 20:15:45'),
	(123, 246, 14, '00:00:000', 1, 1, '2023-11-23 20:15:45', '2023-11-23 20:15:45'),
	(124, 250, 14, '00:00:000', 1, 1, '2023-11-23 20:15:45', '2023-11-23 20:15:45'),
	(125, 217, 12, '00:00:000', 1, 1, '2023-11-23 20:16:06', '2023-11-23 20:16:06'),
	(126, 225, 12, '00:00:000', 1, 1, '2023-11-23 20:16:06', '2023-11-23 20:16:06'),
	(127, 215, 12, '00:00:000', 1, 1, '2023-11-23 20:16:06', '2023-11-23 20:16:06'),
	(128, 227, 12, '00:00:000', 1, 1, '2023-11-23 20:16:06', '2023-11-23 20:16:06'),
	(129, 219, 12, '00:00:000', 1, 1, '2023-11-23 20:16:06', '2023-11-23 20:16:06'),
	(130, 222, 12, '00:00:000', 1, 1, '2023-11-23 20:16:06', '2023-11-23 20:16:06'),
	(131, 226, 12, '00:00:000', 1, 1, '2023-11-23 20:16:06', '2023-11-23 20:16:06'),
	(132, 216, 12, '00:00:000', 1, 1, '2023-11-23 20:16:06', '2023-11-23 20:16:06'),
	(133, 218, 12, '00:00:000', 1, 1, '2023-11-23 20:16:06', '2023-11-23 20:16:06'),
	(134, 223, 12, '00:00:000', 1, 1, '2023-11-23 20:16:06', '2023-11-23 20:16:06'),
	(135, 221, 12, '00:00:000', 1, 1, '2023-11-23 20:16:06', '2023-11-23 20:16:06'),
	(136, 213, 12, '00:00:000', 1, 1, '2023-11-23 20:16:06', '2023-11-23 20:16:06'),
	(137, 212, 12, '00:00:000', 1, 1, '2023-11-23 20:16:06', '2023-11-23 20:16:06'),
	(138, 220, 12, '00:00:000', 1, 1, '2023-11-23 20:16:06', '2023-11-23 20:16:06'),
	(139, 214, 12, '00:00:000', 1, 1, '2023-11-23 20:16:06', '2023-11-23 20:16:06'),
	(140, 224, 12, '00:00:000', 1, 1, '2023-11-23 20:16:06', '2023-11-23 20:16:06'),
	(141, 178, 10, '00:25:045', 1, 1, '2023-11-23 20:16:32', '2023-11-24 04:57:30'),
	(142, 185, 10, '00:20:096', 1, 1, '2023-11-23 20:16:32', '2023-11-24 05:00:39'),
	(143, 192, 10, 'DNS', 1, 1, '2023-11-23 20:16:32', '2023-11-23 20:16:32'),
	(144, 183, 10, '00:20:765', 1, 1, '2023-11-23 20:16:32', '2023-11-24 04:58:56'),
	(145, 188, 10, '00:18:581', 1, 1, '2023-11-23 20:16:32', '2023-11-24 05:01:54'),
	(146, 190, 10, '00:18:207', 1, 1, '2023-11-23 20:16:32', '2023-11-24 05:02:46'),
	(147, 191, 10, '00:20:343', 1, 1, '2023-11-23 20:16:32', '2023-11-24 05:00:22'),
	(148, 194, 10, '00:18:285', 1, 1, '2023-11-23 20:16:32', '2023-11-24 05:02:30'),
	(149, 181, 10, '00:17:827', 1, 1, '2023-11-23 20:16:32', '2023-11-24 05:03:02'),
	(150, 193, 10, '00:19:214', 1, 1, '2023-11-23 20:16:32', '2023-11-24 05:01:36'),
	(151, 186, 10, '00:20:757', 1, 1, '2023-11-23 20:16:32', '2023-11-24 04:59:24'),
	(152, 184, 10, '00:21:350', 1, 1, '2023-11-23 20:16:32', '2023-11-24 04:58:06'),
	(153, 180, 10, '00:22:203', 1, 1, '2023-11-23 20:16:32', '2023-11-24 04:57:52'),
	(154, 187, 10, '00:20:584', 1, 1, '2023-11-23 20:16:32', '2023-11-24 04:59:47'),
	(155, 196, 10, '00:20:860', 1, 1, '2023-11-23 20:16:32', '2023-11-24 04:58:26'),
	(156, 195, 10, '00:20:562', 1, 1, '2023-11-23 20:16:32', '2023-11-24 05:00:04'),
	(157, 179, 10, '00:19:755', 1, 1, '2023-11-23 20:16:32', '2023-11-24 05:00:57'),
	(158, 189, 10, '00:18:525', 1, 1, '2023-11-23 20:16:32', '2023-11-24 05:02:15'),
	(159, 182, 10, '00:19:717', 1, 1, '2023-11-23 20:16:32', '2023-11-24 05:01:18'),
	(160, 207, 9, '00:18:811', 1, 1, '2023-11-23 20:18:46', '2023-11-24 07:12:30'),
	(161, 200, 9, '00:16:371', 1, 1, '2023-11-23 20:18:46', '2023-11-24 07:04:53'),
	(162, 197, 9, '00:18:490', 1, 1, '2023-11-23 20:18:46', '2023-11-24 07:02:22'),
	(163, 203, 9, '00:17:585', 1, 1, '2023-11-23 20:18:46', '2023-11-24 07:08:17'),
	(164, 210, 9, '00:17:220', 1, 1, '2023-11-23 20:18:46', '2023-11-24 07:14:31'),
	(165, 204, 9, '00:16:795', 1, 1, '2023-11-23 20:18:46', '2023-11-24 07:09:07'),
	(166, 199, 9, '00:16:630', 1, 1, '2023-11-23 20:18:46', '2023-11-24 07:04:14'),
	(167, 198, 9, '00:18:504', 1, 1, '2023-11-23 20:18:46', '2023-11-24 07:03:20'),
	(168, 202, 9, '00:16:652', 1, 1, '2023-11-23 20:18:46', '2023-11-24 07:07:28'),
	(169, 206, 9, '00:16:690', 1, 1, '2023-11-23 20:18:46', '2023-11-24 07:10:48'),
	(170, 201, 9, '00:17:465', 1, 1, '2023-11-23 20:18:46', '2023-11-24 07:05:42'),
	(171, 205, 9, '00:18:000', 1, 1, '2023-11-23 20:18:46', '2023-11-24 07:09:59'),
	(172, 208, 9, '00:00:000', 1, 1, '2023-11-23 20:18:46', '2023-11-23 20:18:46'),
	(173, 211, 9, '00:19:080', 1, 1, '2023-11-23 20:18:46', '2023-11-24 07:15:28'),
	(174, 209, 9, '00:16:365', 1, 1, '2023-11-23 20:18:46', '2023-11-24 07:13:28'),
	(175, 158, 8, '00:21:359', 1, 1, '2023-11-23 20:19:23', '2023-11-24 02:45:03'),
	(176, 166, 8, '00:19:875', 1, 1, '2023-11-23 20:19:23', '2023-11-24 02:52:42'),
	(177, 165, 8, '00:19:840', 1, 1, '2023-11-23 20:19:23', '2023-11-24 02:51:46'),
	(178, 153, 8, '00:19:545', 1, 1, '2023-11-23 20:19:23', '2023-11-24 02:40:45'),
	(179, 123, 8, '00:00:000', 1, 1, '2023-11-23 20:19:23', '2023-11-23 20:19:23'),
	(180, 119, 8, '00:21:423', 1, 1, '2023-11-23 20:19:23', '2023-11-24 03:02:49'),
	(181, 117, 8, '00:20:295', 1, 1, '2023-11-23 20:19:23', '2023-11-24 03:00:31'),
	(182, 110, 8, '00:20:280', 1, 1, '2023-11-23 20:19:23', '2023-11-24 02:54:40'),
	(183, 112, 8, '00:20:401', 1, 1, '2023-11-23 20:19:23', '2023-11-24 02:57:38'),
	(184, 154, 8, '00:00:000', 1, 1, '2023-11-23 20:19:23', '2023-11-23 20:19:23'),
	(185, 115, 8, '00:21:440', 1, 1, '2023-11-23 20:19:23', '2023-11-24 02:59:42'),
	(186, 164, 8, '00:23:080', 1, 1, '2023-11-23 20:19:23', '2023-11-24 02:50:43'),
	(187, 122, 8, '00:21:215', 1, 1, '2023-11-23 20:19:23', '2023-11-24 03:04:03'),
	(188, 113, 8, '00:18:640', 1, 1, '2023-11-23 20:19:23', '2023-11-24 02:58:24'),
	(189, 109, 8, '00:19:785', 1, 1, '2023-11-23 20:19:23', '2023-11-24 02:54:00'),
	(190, 160, 8, '00:21:210', 1, 1, '2023-11-23 20:19:23', '2023-11-24 02:47:09'),
	(191, 114, 8, '00:22:629', 1, 1, '2023-11-23 20:19:23', '2023-11-24 02:59:12'),
	(192, 152, 8, '00:19:315', 1, 1, '2023-11-23 20:19:23', '2023-11-24 02:40:11'),
	(193, 157, 8, '00:22:424', 1, 1, '2023-11-23 20:19:23', '2023-11-24 02:44:09'),
	(194, 159, 8, '00:19:780', 1, 1, '2023-11-23 20:19:23', '2023-11-24 02:45:58'),
	(195, 121, 8, '00:18:271', 1, 1, '2023-11-23 20:19:23', '2023-11-24 03:43:45'),
	(196, 124, 8, '00:21:271', 1, 1, '2023-11-23 20:19:23', '2023-11-24 03:09:24'),
	(197, 151, 8, '00:19:150', 1, 1, '2023-11-23 20:19:23', '2023-11-24 02:39:30'),
	(198, 162, 8, '00:20:650', 1, 1, '2023-11-23 20:19:23', '2023-11-24 02:48:40'),
	(199, 111, 8, '00:19:900', 1, 1, '2023-11-23 20:19:23', '2023-11-24 02:56:38'),
	(200, 116, 8, '00:21:440', 1, 1, '2023-11-23 20:19:23', '2023-11-24 03:12:04'),
	(201, 161, 8, '00:00:000', 1, 1, '2023-11-23 20:19:23', '2023-11-23 20:19:23'),
	(202, 118, 8, '00:25:875', 1, 1, '2023-11-23 20:19:23', '2023-11-24 03:01:41'),
	(203, 156, 8, '00:22:850', 1, 1, '2023-11-23 20:19:23', '2023-11-24 02:43:29'),
	(204, 120, 8, '00:00:000', 1, 1, '2023-11-23 20:19:23', '2023-11-23 20:19:23'),
	(205, 155, 8, '00:18:699', 1, 1, '2023-11-23 20:19:23', '2023-11-24 02:42:05'),
	(206, 163, 8, '00:21:830', 1, 1, '2023-11-23 20:19:23', '2023-11-24 02:49:33'),
	(207, 71, 6, '00:22:010', 1, 1, '2023-11-23 20:20:30', '2023-11-24 03:35:05'),
	(208, 80, 6, '00:20:740', 1, 1, '2023-11-23 20:20:30', '2023-11-24 03:32:05'),
	(209, 78, 6, '00:20:330', 1, 1, '2023-11-23 20:20:30', '2023-11-24 03:31:25'),
	(210, 75, 6, '00:22:551', 1, 1, '2023-11-23 20:20:30', '2023-11-24 03:36:26'),
	(211, 70, 6, '00:21:815', 1, 1, '2023-11-23 20:20:30', '2023-11-24 03:33:48'),
	(212, 73, 6, '00:22:430', 1, 1, '2023-11-23 20:20:30', '2023-11-24 03:36:07'),
	(213, 79, 6, '00:22:102', 1, 1, '2023-11-23 20:20:30', '2023-11-24 03:35:50'),
	(214, 85, 6, '00:25:667', 1, 1, '2023-11-23 20:20:30', '2023-11-24 03:37:06'),
	(215, 83, 6, '00:20:130', 1, 1, '2023-11-23 20:20:30', '2023-11-24 03:31:11'),
	(216, 64, 6, 'DNS', 1, 1, '2023-11-23 20:20:30', '2023-11-23 20:20:30'),
	(217, 77, 6, '00:22:100', 1, 1, '2023-11-23 20:20:30', '2023-11-24 03:35:32'),
	(218, 67, 6, '00:20:880', 1, 1, '2023-11-23 20:20:30', '2023-11-24 03:32:26'),
	(219, 72, 6, '00:21:978', 1, 1, '2023-11-23 20:20:30', '2023-11-24 03:34:25'),
	(220, 66, 6, '00:20:660', 1, 1, '2023-11-23 20:20:30', '2023-11-24 03:31:41'),
	(221, 76, 6, '00:21:379', 1, 1, '2023-11-23 20:20:30', '2023-11-24 03:33:30'),
	(222, 81, 6, '00:21:036', 1, 1, '2023-11-23 20:20:30', '2023-11-24 03:32:59'),
	(223, 82, 6, '00:21:270', 1, 1, '2023-11-23 20:20:30', '2023-11-24 03:33:14'),
	(224, 65, 6, '00:21:034', 1, 1, '2023-11-23 20:20:30', '2023-11-24 03:32:43'),
	(225, 84, 6, '00:22:005', 1, 1, '2023-11-23 20:20:30', '2023-11-24 03:34:44'),
	(226, 69, 6, '00:24:575', 1, 1, '2023-11-23 20:20:30', '2023-11-24 03:37:46'),
	(227, 86, 6, '00:21:919', 1, 1, '2023-11-23 20:20:30', '2023-11-24 03:34:09'),
	(228, 68, 6, '00:24:494', 1, 1, '2023-11-23 20:20:30', '2023-11-24 03:36:42'),
	(229, 74, 6, 'DNS', 1, 1, '2023-11-23 20:20:30', '2023-11-23 20:20:30'),
	(230, 93, 5, '00:20:290', 1, 1, '2023-11-23 20:23:07', '2023-11-24 03:21:25'),
	(231, 96, 5, '00:21:165', 1, 1, '2023-11-23 20:23:07', '2023-11-24 03:21:49'),
	(232, 92, 5, '00:22:425', 1, 1, '2023-11-23 20:23:07', '2023-11-24 03:22:02'),
	(233, 104, 5, '00:23:689', 1, 1, '2023-11-23 20:23:07', '2023-11-24 03:22:27'),
	(234, 87, 5, '00:20:542', 1, 1, '2023-11-23 20:23:07', '2023-11-24 03:22:38'),
	(235, 88, 5, '00:22:507', 1, 1, '2023-11-23 20:23:07', '2023-11-24 03:22:57'),
	(236, 94, 5, '00:22:308', 1, 1, '2023-11-23 20:23:07', '2023-11-24 03:23:22'),
	(237, 97, 5, '00:22:535', 1, 1, '2023-11-23 20:23:07', '2023-11-24 03:23:35'),
	(238, 108, 5, '00:20:519', 1, 1, '2023-11-23 20:23:07', '2023-11-24 03:24:08'),
	(239, 89, 5, '00:22:020', 1, 1, '2023-11-23 20:23:07', '2023-11-24 03:24:22'),
	(240, 102, 5, '00:22:885', 1, 1, '2023-11-23 20:23:07', '2023-11-24 03:25:01'),
	(241, 95, 5, '00:21:910', 1, 1, '2023-11-23 20:23:07', '2023-11-24 03:25:15'),
	(242, 90, 5, '00:22:245', 1, 1, '2023-11-23 20:23:07', '2023-11-24 03:24:42'),
	(243, 107, 5, '00:20:543', 1, 1, '2023-11-23 20:23:07', '2023-11-24 03:25:30'),
	(244, 103, 5, '00:21:955', 1, 1, '2023-11-23 20:23:07', '2023-11-24 03:25:42'),
	(245, 105, 5, '00:21:141', 1, 1, '2023-11-23 20:23:07', '2023-11-24 03:25:53'),
	(246, 99, 5, '00:20:491', 1, 1, '2023-11-23 20:23:07', '2023-11-24 03:26:02'),
	(247, 100, 5, '00:20:062', 1, 1, '2023-11-23 20:23:07', '2023-11-24 03:26:14'),
	(248, 106, 5, '00:20:390', 1, 1, '2023-11-23 20:23:07', '2023-11-24 03:26:27'),
	(249, 101, 5, '00:20:550', 1, 1, '2023-11-23 20:23:07', '2023-11-24 03:26:44'),
	(250, 98, 5, '00:21:900', 1, 1, '2023-11-23 20:23:07', '2023-11-24 03:26:58'),
	(251, 91, 5, '00:19:617', 1, 1, '2023-11-23 20:23:07', '2023-11-24 03:27:11'),
	(252, 270, 15, '01:57:003', 1, 1, '2023-11-23 23:51:57', '2023-11-24 10:31:49'),
	(253, 269, 15, '02:03:092', 1, 1, '2023-11-23 23:51:57', '2023-11-24 03:54:34'),
	(254, 272, 15, '02:15:060', 1, 1, '2023-11-23 23:51:57', '2023-11-24 03:55:03'),
	(255, 271, 15, '02:01:076', 1, 1, '2023-11-23 23:51:57', '2023-11-24 03:53:31');

-- Membuang data untuk tabel skate_db.password_reset_tokens: ~0 rows (lebih kurang)

-- Membuang data untuk tabel skate_db.personal_access_tokens: ~0 rows (lebih kurang)

-- Membuang data untuk tabel skate_db.profiles: ~1 rows (lebih kurang)
INSERT INTO `profiles` (`id`, `user_id`, `name`, `created_at`, `updated_at`) VALUES
	(1, 1, 'Super Admin', '2023-11-23 07:12:34', '2023-11-23 07:12:34');

-- Membuang data untuk tabel skate_db.roles: ~1 rows (lebih kurang)
INSERT INTO `roles` (`id`, `role`, `slug`, `created_at`, `updated_at`) VALUES
	(1, 'Super User', 'super-user', '2023-11-23 07:12:33', '2023-11-23 07:12:33');

-- Membuang data untuk tabel skate_db.setting_group_rounds: ~15 rows (lebih kurang)
INSERT INTO `setting_group_rounds` (`id`, `group_id`, `passes`, `round`, `created_at`, `updated_at`) VALUES
	(1, 2, 1, 1, '2023-11-23 19:11:24', '2023-11-23 19:11:24'),
	(2, 1, 1, 1, '2023-11-23 19:12:22', '2023-11-23 19:12:22'),
	(3, 4, 1, 1, '2023-11-23 19:23:09', '2023-11-23 19:23:09'),
	(4, 3, 1, 1, '2023-11-23 19:31:02', '2023-11-23 19:31:02'),
	(5, 7, 1, 1, '2023-11-23 19:39:28', '2023-11-23 19:39:28'),
	(6, 11, 1, 1, '2023-11-23 20:14:30', '2023-11-23 20:14:30'),
	(7, 13, 1, 1, '2023-11-23 20:14:42', '2023-11-23 20:14:42'),
	(8, 14, 1, 1, '2023-11-23 20:15:45', '2023-11-23 20:15:45'),
	(9, 12, 1, 1, '2023-11-23 20:16:06', '2023-11-23 20:16:06'),
	(10, 10, 1, 1, '2023-11-23 20:16:32', '2023-11-23 20:16:32'),
	(11, 9, 1, 1, '2023-11-23 20:18:46', '2023-11-23 20:18:46'),
	(12, 8, 1, 1, '2023-11-23 20:19:22', '2023-11-23 20:19:22'),
	(13, 6, 1, 1, '2023-11-23 20:20:30', '2023-11-23 20:20:30'),
	(14, 5, 1, 1, '2023-11-23 20:23:07', '2023-11-23 20:23:07'),
	(15, 15, 1, 1, '2023-11-23 23:51:57', '2023-11-23 23:51:57');

-- Membuang data untuk tabel skate_db.teams: ~32 rows (lebih kurang)
INSERT INTO `teams` (`id`, `team`, `team_initial`, `coach`, `website`, `address`, `email`, `image`, `slug`, `created_at`, `updated_at`) VALUES
	(1, 'BINA MUDA PEKANBARU', 'BMP', '', '', '', '', 'default.png', 'bina-muda-pekanbaru', '2023-11-23 07:30:48', '2023-11-23 07:30:48'),
	(2, 'BINTANG MEDAN ROLLER SKATE', 'BMRS', '', '', '', '', 'default.png', 'bintang-medan-roller-skate', '2023-11-23 07:30:48', '2023-11-23 07:30:48'),
	(3, 'THE WINNER SKATE TEAM', 'TWST', '', '', '', '', 'default.png', 'the-winner-skate-team', '2023-11-23 07:30:48', '2023-11-23 07:30:48'),
	(4, 'Lancang Kuning Inline Skate Riau', 'LKISR', '', '', '', '', 'default.png', 'lancang-kuning-inline-skate-riau', '2023-11-23 07:30:48', '2023-11-23 07:30:48'),
	(5, 'SIAK INLINE SKATE (SIS)', 'SIS', '', '', '', '', 'default.png', 'siak-inline-skate-sis', '2023-11-23 07:30:48', '2023-11-23 07:30:48'),
	(6, 'Buciken Inline Skate (BIS)', 'BIS', '', '', '', '', 'default.png', 'buciken-inline-skate-bis', '2023-11-23 07:30:48', '2023-11-23 07:30:48'),
	(7, 'RIAU ROLLER SKATE', 'RRS', '', '', '', '', 'default.png', 'riau-roller-skate', '2023-11-23 07:30:48', '2023-11-23 07:30:48'),
	(8, 'JAMBI INLINE SKATE', 'JIS', '', '', '', '', 'default.png', 'jambi-inline-skate', '2023-11-23 07:30:48', '2023-11-23 07:30:48'),
	(9, 'Riau Inline Skate', 'RIS', '', '', '', '', 'default.png', 'riau-inline-skate', '2023-11-23 07:30:48', '2023-11-23 07:30:48'),
	(10, 'Telanai Roller Skate Kota Jambi', 'TRSKJ', '', '', '', '', 'default.png', 'telanai-roller-skate-kota-jambi', '2023-11-23 07:36:15', '2023-11-23 07:36:15'),
	(11, 'BEKASI ON SKATE', 'BOS', '', '', '', '', 'default.png', 'bekasi-on-skate', '2023-11-23 07:36:15', '2023-11-23 07:36:15'),
	(12, 'SIGINJAI ROLLER SKATE (SRS) JAMBI', 'SRSJ', '', '', '', '', 'default.png', 'siginjai-roller-skate-srs-jambi', '2023-11-23 07:36:15', '2023-11-23 07:36:15'),
	(16, 'Quantum Roller Skate', 'QRS', '', '', '', '', 'default.png', 'quantum-roller-skate', '2023-11-23 19:22:12', '2023-11-23 19:22:12'),
	(17, 'Medan Inline Skate', 'MIS', '', '', '', '', 'default.png', 'medan-inline-skate', '2023-11-23 19:22:12', '2023-11-23 19:22:12'),
	(18, 'Bukittinggi Inline Skate', 'BKIS', '', '', '', '', 'default.png', 'bukittinggi-inline-skate', '2023-11-23 19:22:12', '2023-11-23 19:22:12'),
	(19, 'Porserosi Rokan Hulu', 'PRH', '', '', '', '', 'default.png', 'porserosi-rokan-hulu', '2023-11-23 19:22:12', '2023-11-23 19:22:12'),
	(20, 'Sky Inline Skate Pekanbaru', 'SISP', '', '', '', '', 'default.png', 'sky-inline-skate-pekanbaru', '2023-11-23 19:22:13', '2023-11-23 19:22:13'),
	(21, 'Perserosi Kabupaten Bungo', 'PKB', '', '', '', '', 'default.png', 'perserosi-kabupaten-bungo', '2023-11-23 19:31:25', '2023-11-23 19:31:25'),
	(22, 'Deli Serdang Inline Skate (dsils)', 'DSIS(', '', '', '', '', 'default.png', 'deli-serdang-inline-skate-dsils', '2023-11-23 19:31:25', '2023-11-23 19:31:25'),
	(23, 'Tualang Inline Skate', 'TIS', '', '', '', '', 'default.png', 'tualang-inline-skate', '2023-11-23 19:31:25', '2023-11-23 19:31:25'),
	(24, 'Inssep (inline Speed Skate Pekanbaru)', 'INSSEP', '', '', '', '', 'default.png', 'inssep-inline-speed-skate-pekanbaru', '2023-11-23 19:31:26', '2023-11-23 19:31:26'),
	(25, 'Klub Sepatu Roda Pekanbaru', 'KSRP', '', '', '', '', 'default.png', 'klub-sepatu-roda-pekanbaru', '2023-11-23 19:31:26', '2023-11-23 19:31:26'),
	(26, 'Pariaman Inline Skate', 'PIS', '', '', '', '', 'default.png', 'pariaman-inline-skate', '2023-11-23 19:31:26', '2023-11-23 19:31:26'),
	(27, 'Dinamo Deli Inline Skate', 'DDIS', '', '', '', '', 'default.png', 'dinamo-deli-inline-skate', '2023-11-23 19:31:27', '2023-11-23 19:31:27'),
	(28, 'Big', 'B', '', '', '', '', 'default.png', 'big', '2023-11-23 19:38:22', '2023-11-23 19:38:22'),
	(29, 'Perawang Roller Skate', 'PRS', '', '', '', '', 'default.png', 'perawang-roller-skate', '2023-11-23 19:38:22', '2023-11-23 19:38:22'),
	(30, 'Smpns Yppi Perawang', 'SYP', '', '', '', '', 'default.png', 'smpns-yppi-perawang', '2023-11-23 19:38:22', '2023-11-23 19:38:22'),
	(35, 'Psc', 'PSC', '', '', '', '', 'default.png', 'psc', '2023-11-23 19:52:49', '2023-11-23 19:52:49'),
	(36, 'Neo Inline Skate', 'NIS', '', '', '', '', 'default.png', 'neo-inline-skate', '2023-11-23 19:52:49', '2023-11-23 19:52:49'),
	(37, 'Nsj', 'NSJ', '', '', '', '', 'default.png', 'nsj', '2023-11-23 19:52:49', '2023-11-23 19:52:49'),
	(38, 'Paser Inline Skate', 'PAIS', '', '', '', '', 'default.png', 'paser-inline-skate', '2023-11-23 19:52:49', '2023-11-23 19:52:49'),
	(39, 'Trapezius Academy Riau', 'TAR', '', '', '', '', 'default.png', 'trapezius-academy-riau', '2023-11-23 19:52:50', '2023-11-23 19:52:50');

-- Membuang data untuk tabel skate_db.teams_log: ~35 rows (lebih kurang)
INSERT INTO `teams_log` (`id`, `team_id`, `team`, `team_initial`, `coach`, `website`, `address`, `email`, `image`, `slug`, `status_log`, `created_at`, `updated_at`) VALUES
	(1, 1, 'BINA MUDA PEKANBARU', 'BMP', '', '', '', '', 'default.png', 'bina-muda-pekanbaru', 'Insert', '2023-11-23 07:30:48', '2023-11-23 07:30:48'),
	(2, 2, 'BINTANG MEDAN ROLLER SKATE', 'BMRS', '', '', '', '', 'default.png', 'bintang-medan-roller-skate', 'Insert', '2023-11-23 07:30:48', '2023-11-23 07:30:48'),
	(3, 3, 'THE WINNER SKATE TEAM', 'TWST', '', '', '', '', 'default.png', 'the-winner-skate-team', 'Insert', '2023-11-23 07:30:48', '2023-11-23 07:30:48'),
	(4, 4, 'Lancang Kuning Inline Skate Riau', 'LKISR', '', '', '', '', 'default.png', 'lancang-kuning-inline-skate-riau', 'Insert', '2023-11-23 07:30:48', '2023-11-23 07:30:48'),
	(5, 5, 'SIAK INLINE SKATE (SIS)', 'SIS(', '', '', '', '', 'default.png', 'siak-inline-skate-sis', 'Insert', '2023-11-23 07:30:48', '2023-11-23 07:30:48'),
	(6, 6, 'Buciken Inline Skate (BIS)', 'BIS(', '', '', '', '', 'default.png', 'buciken-inline-skate-bis', 'Insert', '2023-11-23 07:30:48', '2023-11-23 07:30:48'),
	(7, 7, 'RIAU ROLLER SKATE', 'RRS', '', '', '', '', 'default.png', 'riau-roller-skate', 'Insert', '2023-11-23 07:30:48', '2023-11-23 07:30:48'),
	(8, 8, 'JAMBI INLINE SKATE', 'JIS', '', '', '', '', 'default.png', 'jambi-inline-skate', 'Insert', '2023-11-23 07:30:48', '2023-11-23 07:30:48'),
	(9, 9, 'Riau Inline Skate', 'RIS', '', '', '', '', 'default.png', 'riau-inline-skate', 'Insert', '2023-11-23 07:30:48', '2023-11-23 07:30:48'),
	(10, 5, 'SIAK INLINE SKATE (SIS)', 'SIS', '', '', '', '', 'default.png', 'siak-inline-skate-sis', 'Update', '2023-11-23 07:30:48', '2023-11-23 07:30:48'),
	(11, 6, 'Buciken Inline Skate (BIS)', 'BIS', '', '', '', '', 'default.png', 'buciken-inline-skate-bis', 'Update', '2023-11-23 07:30:48', '2023-11-23 07:30:48'),
	(12, 10, 'Telanai Roller Skate Kota Jambi', 'TRSKJ', '', '', '', '', 'default.png', 'telanai-roller-skate-kota-jambi', 'Insert', '2023-11-23 07:36:15', '2023-11-23 07:36:15'),
	(13, 11, 'BEKASI ON SKATE', 'BOS', '', '', '', '', 'default.png', 'bekasi-on-skate', 'Insert', '2023-11-23 07:36:15', '2023-11-23 07:36:15'),
	(14, 12, 'SIGINJAI ROLLER SKATE (SRS) JAMBI', 'SRS(J', '', '', '', '', 'default.png', 'siginjai-roller-skate-srs-jambi', 'Insert', '2023-11-23 07:36:15', '2023-11-23 07:36:15'),
	(15, 12, 'SIGINJAI ROLLER SKATE (SRS) JAMBI', 'SRSJ', '', '', '', '', 'default.png', 'siginjai-roller-skate-srs-jambi', 'Update', '2023-11-23 07:36:15', '2023-11-23 07:36:15'),
	(18, 16, 'Quantum Roller Skate', 'QRS', '', '', '', '', 'default.png', 'quantum-roller-skate', 'Insert', '2023-11-23 19:22:12', '2023-11-23 19:22:12'),
	(19, 17, 'Medan Inline Skate', 'MIS', '', '', '', '', 'default.png', 'medan-inline-skate', 'Insert', '2023-11-23 19:22:12', '2023-11-23 19:22:12'),
	(20, 18, 'Bukittinggi Inline Skate', 'BKIS', '', '', '', '', 'default.png', 'bukittinggi-inline-skate', 'Insert', '2023-11-23 19:22:12', '2023-11-23 19:22:12'),
	(21, 19, 'Porserosi Rokan Hulu', 'PRH', '', '', '', '', 'default.png', 'porserosi-rokan-hulu', 'Insert', '2023-11-23 19:22:12', '2023-11-23 19:22:12'),
	(22, 20, 'Sky Inline Skate Pekanbaru', 'SISP', '', '', '', '', 'default.png', 'sky-inline-skate-pekanbaru', 'Insert', '2023-11-23 19:22:13', '2023-11-23 19:22:13'),
	(23, 21, 'Perserosi Kabupaten Bungo', 'PKB', '', '', '', '', 'default.png', 'perserosi-kabupaten-bungo', 'Insert', '2023-11-23 19:31:25', '2023-11-23 19:31:25'),
	(24, 22, 'Deli Serdang Inline Skate (dsils)', 'DSIS(', '', '', '', '', 'default.png', 'deli-serdang-inline-skate-dsils', 'Insert', '2023-11-23 19:31:25', '2023-11-23 19:31:25'),
	(25, 23, 'Tualang Inline Skate', 'TIS', '', '', '', '', 'default.png', 'tualang-inline-skate', 'Insert', '2023-11-23 19:31:25', '2023-11-23 19:31:25'),
	(26, 24, 'Inssep (inline Speed Skate Pekanbaru)', 'INSSEP', '', '', '', '', 'default.png', 'inssep-inline-speed-skate-pekanbaru', 'Insert', '2023-11-23 19:31:26', '2023-11-23 19:31:26'),
	(27, 25, 'Klub Sepatu Roda Pekanbaru', 'KSRP', '', '', '', '', 'default.png', 'klub-sepatu-roda-pekanbaru', 'Insert', '2023-11-23 19:31:26', '2023-11-23 19:31:26'),
	(28, 26, 'Pariaman Inline Skate', 'PIS', '', '', '', '', 'default.png', 'pariaman-inline-skate', 'Insert', '2023-11-23 19:31:26', '2023-11-23 19:31:26'),
	(29, 27, 'Dinamo Deli Inline Skate', 'DDIS', '', '', '', '', 'default.png', 'dinamo-deli-inline-skate', 'Insert', '2023-11-23 19:31:27', '2023-11-23 19:31:27'),
	(30, 28, 'Big', 'B', '', '', '', '', 'default.png', 'big', 'Insert', '2023-11-23 19:38:22', '2023-11-23 19:38:22'),
	(31, 29, 'Perawang Roller Skate', 'PRS', '', '', '', '', 'default.png', 'perawang-roller-skate', 'Insert', '2023-11-23 19:38:22', '2023-11-23 19:38:22'),
	(32, 30, 'Smpns Yppi Perawang', 'SYP', '', '', '', '', 'default.png', 'smpns-yppi-perawang', 'Insert', '2023-11-23 19:38:22', '2023-11-23 19:38:22'),
	(36, 35, 'Psc', 'PSC', '', '', '', '', 'default.png', 'psc', 'Insert', '2023-11-23 19:52:49', '2023-11-23 19:52:49'),
	(37, 36, 'Neo Inline Skate', 'NIS', '', '', '', '', 'default.png', 'neo-inline-skate', 'Insert', '2023-11-23 19:52:49', '2023-11-23 19:52:49'),
	(38, 37, 'Nsj', 'NSJ', '', '', '', '', 'default.png', 'nsj', 'Insert', '2023-11-23 19:52:49', '2023-11-23 19:52:49'),
	(39, 38, 'Paser Inline Skate', 'PAIS', '', '', '', '', 'default.png', 'paser-inline-skate', 'Insert', '2023-11-23 19:52:49', '2023-11-23 19:52:49'),
	(40, 39, 'Trapezius Academy Riau', 'TAR', '', '', '', '', 'default.png', 'trapezius-academy-riau', 'Insert', '2023-11-23 19:52:50', '2023-11-23 19:52:50');

-- Membuang data untuk tabel skate_db.team_members: ~255 rows (lebih kurang)
INSERT INTO `team_members` (`id`, `team_id`, `member`, `gender`, `birth`, `address`, `phone`, `email`, `image`, `slug`, `created_at`, `updated_at`) VALUES
	(1, 1, 'Aura Latisha Aquina', '2', 0, NULL, NULL, NULL, 'default.png', 'aura-latisha-aquina', '2023-11-23 07:30:48', '2023-11-23 07:30:48'),
	(2, 2, 'Gendis Alvinqa Sinaga', '2', 0, NULL, NULL, NULL, 'default.png', 'gendis-alvinqa-sinaga', '2023-11-23 07:30:48', '2023-11-23 07:30:48'),
	(3, 3, 'Andi Athirah Ramlah Junaedi', '2', 0, NULL, NULL, NULL, 'default.png', 'andi-athirah-ramlah-junaedi', '2023-11-23 07:30:48', '2023-11-23 07:30:48'),
	(4, 4, 'Annasya Fatia Maritza', '2', 0, NULL, NULL, NULL, 'default.png', 'annasya-fatia-maritza', '2023-11-23 07:30:48', '2023-11-23 07:30:48'),
	(5, 4, 'Alya Shakila', '2', 0, NULL, NULL, NULL, 'default.png', 'alya-shakila', '2023-11-23 07:30:48', '2023-11-23 07:30:48'),
	(6, 5, 'Nurcelya Almeera Ajunnata', '2', 0, NULL, NULL, NULL, 'default.png', 'nurcelya-almeera-ajunnata', '2023-11-23 07:30:48', '2023-11-23 07:30:48'),
	(7, 6, 'Almahyra Shaqueena. K', '2', 0, NULL, NULL, NULL, 'default.png', 'almahyra-shaqueena-k', '2023-11-23 07:30:48', '2023-11-23 07:30:48'),
	(8, 4, 'Qiana Shaqayla Irawan', '2', 0, NULL, NULL, NULL, 'default.png', 'qiana-shaqayla-irawan', '2023-11-23 07:30:48', '2023-11-23 07:30:48'),
	(9, 7, 'Rawnie Fathina Agsecha', '2', 0, NULL, NULL, NULL, 'default.png', 'rawnie-fathina-agsecha', '2023-11-23 07:30:48', '2023-11-23 07:30:48'),
	(10, 8, 'Karaissa Nadhifa Cinta Gitri', '2', 0, NULL, NULL, NULL, 'default.png', 'karaissa-nadhifa-cinta-gitri', '2023-11-23 07:30:48', '2023-11-23 07:30:48'),
	(11, 3, 'Gendhis Prianka Lova', '2', 0, NULL, NULL, NULL, 'default.png', 'gendhis-prianka-lova', '2023-11-23 07:30:48', '2023-11-23 07:30:48'),
	(12, 7, 'Kamania Kirana Wijaya', '2', 0, NULL, NULL, NULL, 'default.png', 'kamania-kirana-wijaya', '2023-11-23 07:30:48', '2023-11-23 07:30:48'),
	(13, 9, 'Adhwa Isrami Tazkia', '2', 0, NULL, NULL, NULL, 'default.png', 'adhwa-isrami-tazkia', '2023-11-23 07:30:48', '2023-11-23 07:30:48'),
	(14, 3, 'Rayhana Muthia Zhafira Syuhada', '2', 0, NULL, NULL, NULL, 'default.png', 'rayhana-muthia-zhafira-syuhada', '2023-11-23 07:30:48', '2023-11-23 07:30:48'),
	(15, 8, 'Kheira Hafizah Cateleya Jaidi', '2', 0, NULL, NULL, NULL, 'default.png', 'kheira-hafizah-cateleya-jaidi', '2023-11-23 07:30:48', '2023-11-23 07:30:48'),
	(16, 3, 'Melissa Aurellia Jasmine', '2', 0, NULL, NULL, NULL, 'default.png', 'melissa-aurellia-jasmine', '2023-11-23 07:30:48', '2023-11-23 07:30:48'),
	(17, 8, 'Muhammad Zafran Al Fatih', '1', 0, NULL, NULL, NULL, 'default.png', 'muhammad-zafran-al-fatih', '2023-11-23 07:36:15', '2023-11-23 07:36:15'),
	(18, 4, 'Shahzad Kasyafani Zulian', '1', 0, NULL, NULL, NULL, 'default.png', 'shahzad-kasyafani-zulian', '2023-11-23 07:36:15', '2023-11-23 07:36:15'),
	(19, 10, 'Muhammad Rifqi Irsyad Alfarizi', '1', 0, NULL, NULL, NULL, 'default.png', 'muhammad-rifqi-irsyad-alfarizi', '2023-11-23 07:36:15', '2023-11-23 07:36:15'),
	(20, 6, 'Azka Ar Razzaaq Arianto', '1', 0, NULL, NULL, NULL, 'default.png', 'azka-ar-razzaaq-arianto', '2023-11-23 07:36:15', '2023-11-23 07:36:15'),
	(21, 11, 'Abqary Mahameru Safaraz', '1', 0, NULL, NULL, NULL, 'default.png', 'abqary-mahameru-safaraz', '2023-11-23 07:36:15', '2023-11-23 07:36:15'),
	(22, 12, 'Gabriell Cleinthanos Sitanggang', '1', 1990, '', '', '', 'default.png', 'gabriell-cleinthanos-sitanggang', '2023-11-23 07:36:16', '2023-11-23 07:44:54'),
	(23, 7, 'Aghara Kheivan Adinata', '1', 0, NULL, NULL, NULL, 'default.png', 'aghara-kheivan-adinata', '2023-11-23 07:36:16', '2023-11-23 07:36:16'),
	(30, 4, 'Malayeka Shaziva Rifza', '2', 0, NULL, NULL, NULL, 'default.png', 'malayeka-shaziva-rifza', '2023-11-23 19:22:12', '2023-11-23 19:22:12'),
	(31, 16, 'Shandria Maharani Dyanto', '2', 0, NULL, NULL, NULL, 'default.png', 'shandria-maharani-dyanto', '2023-11-23 19:22:12', '2023-11-23 19:22:12'),
	(32, 4, 'Naura Azzahra Rahma', '2', 0, NULL, NULL, NULL, 'default.png', 'naura-azzahra-rahma', '2023-11-23 19:22:12', '2023-11-23 19:22:12'),
	(33, 2, 'Amira Qabila Lingga', '2', 0, NULL, NULL, NULL, 'default.png', 'amira-qabila-lingga', '2023-11-23 19:22:12', '2023-11-23 19:22:12'),
	(34, 17, 'Khalilah Azzura Nasution', '2', 0, NULL, NULL, NULL, 'default.png', 'khalilah-azzura-nasution', '2023-11-23 19:22:12', '2023-11-23 19:22:12'),
	(35, 6, 'Nadhira Rezeki Ananda', '2', 0, NULL, NULL, NULL, 'default.png', 'nadhira-rezeki-ananda', '2023-11-23 19:22:12', '2023-11-23 19:22:12'),
	(36, 18, 'Ceisya Nayyasa Quincy', '2', 0, NULL, NULL, NULL, 'default.png', 'ceisya-nayyasa-quincy', '2023-11-23 19:22:12', '2023-11-23 19:22:12'),
	(37, 1, 'Islamia Armiah Sitepu', '2', 0, NULL, NULL, NULL, 'default.png', 'islamia-armiah-sitepu', '2023-11-23 19:22:12', '2023-11-23 19:22:12'),
	(38, 6, 'Oktri Adli Kalifah', '2', 0, NULL, NULL, NULL, 'default.png', 'oktri-adli-kalifah', '2023-11-23 19:22:12', '2023-11-23 19:22:12'),
	(39, 1, 'Aslamia Armiah Sitepu', '2', 0, NULL, NULL, NULL, 'default.png', 'aslamia-armiah-sitepu', '2023-11-23 19:22:12', '2023-11-23 19:22:12'),
	(40, 17, 'Hauri Washfa Kamila', '2', 0, NULL, NULL, NULL, 'default.png', 'hauri-washfa-kamila', '2023-11-23 19:22:12', '2023-11-23 19:22:12'),
	(41, 2, 'Queen Amaradita Darmawan', '2', 0, NULL, NULL, NULL, 'default.png', 'queen-amaradita-darmawan', '2023-11-23 19:22:12', '2023-11-23 19:22:12'),
	(42, 17, 'Fakhirah Shabila Asrul', '2', 0, NULL, NULL, NULL, 'default.png', 'fakhirah-shabila-asrul', '2023-11-23 19:22:12', '2023-11-23 19:22:12'),
	(43, 8, 'Azalia Salsabila Nasya', '2', 0, NULL, NULL, NULL, 'default.png', 'azalia-salsabila-nasya', '2023-11-23 19:22:12', '2023-11-23 19:22:12'),
	(44, 17, 'Alyssa Azzahra Matondang', '2', 0, NULL, NULL, NULL, 'default.png', 'alyssa-azzahra-matondang', '2023-11-23 19:22:12', '2023-11-23 19:22:12'),
	(45, 2, 'Delisha Shadrina Syahqueen', '2', 0, NULL, NULL, NULL, 'default.png', 'delisha-shadrina-syahqueen', '2023-11-23 19:22:12', '2023-11-23 19:22:12'),
	(46, 19, 'Iqlima Almatiin', '2', 0, NULL, NULL, NULL, 'default.png', 'iqlima-almatiin', '2023-11-23 19:22:12', '2023-11-23 19:22:12'),
	(47, 2, 'Tiara Meidy Olivia', '2', 0, NULL, NULL, NULL, 'default.png', 'tiara-meidy-olivia', '2023-11-23 19:22:12', '2023-11-23 19:22:12'),
	(48, 19, 'Thanaya Zifara', '2', 0, NULL, NULL, NULL, 'default.png', 'thanaya-zifara', '2023-11-23 19:22:12', '2023-11-23 19:22:12'),
	(49, 2, 'Nabilah Husna', '2', 0, NULL, NULL, NULL, 'default.png', 'nabilah-husna', '2023-11-23 19:22:12', '2023-11-23 19:22:12'),
	(50, 5, 'Aiman Hakim Ridza', '1', 0, NULL, NULL, NULL, 'default.png', 'aiman-hakim-ridza', '2023-11-23 19:22:12', '2023-11-23 19:22:12'),
	(51, 8, 'Junio Tristan Sanjaya Sembiring', '1', 0, NULL, NULL, NULL, 'default.png', 'junio-tristan-sanjaya-sembiring', '2023-11-23 19:22:12', '2023-11-23 19:22:12'),
	(52, 17, 'Ozzy Radika', '1', 0, NULL, NULL, NULL, 'default.png', 'ozzy-radika', '2023-11-23 19:22:12', '2023-11-23 19:22:12'),
	(53, 8, 'Ismail Dzakir Khafadi', '1', 0, NULL, NULL, NULL, 'default.png', 'ismail-dzakir-khafadi', '2023-11-23 19:22:12', '2023-11-23 19:22:12'),
	(54, 5, 'Azka Aldric', '1', 0, NULL, NULL, NULL, 'default.png', 'azka-aldric', '2023-11-23 19:22:12', '2023-11-23 19:22:12'),
	(55, 12, 'Alief Fiqrie Al Ghifari', '1', 0, NULL, NULL, NULL, 'default.png', 'alief-fiqrie-al-ghifari', '2023-11-23 19:22:12', '2023-11-23 19:22:12'),
	(56, 17, 'M. Azka Putra Caza', '1', 0, NULL, NULL, NULL, 'default.png', 'm-azka-putra-caza', '2023-11-23 19:22:12', '2023-11-23 19:22:12'),
	(57, 1, 'Khalid Ammar Lathif', '1', 0, NULL, NULL, NULL, 'default.png', 'khalid-ammar-lathif', '2023-11-23 19:22:13', '2023-11-23 19:22:13'),
	(58, 2, 'M. Alif Fathir', '1', 0, NULL, NULL, NULL, 'default.png', 'm-alif-fathir', '2023-11-23 19:22:13', '2023-11-23 19:22:13'),
	(59, 20, 'Naufal Arze Rizky', '1', 0, NULL, NULL, NULL, 'default.png', 'naufal-arze-rizky', '2023-11-23 19:22:13', '2023-11-23 19:22:13'),
	(60, 7, 'Kiyan Arkhan Kurniawan', '1', 0, NULL, NULL, NULL, 'default.png', 'kiyan-arkhan-kurniawan', '2023-11-23 19:22:13', '2023-11-23 19:22:13'),
	(61, 4, 'Muhammad Abbian Prayata', '1', 0, NULL, NULL, NULL, 'default.png', 'muhammad-abbian-prayata', '2023-11-23 19:22:13', '2023-11-23 19:22:13'),
	(62, 8, 'King Hafiz Runezia Dinata', '1', 0, NULL, NULL, NULL, 'default.png', 'king-hafiz-runezia-dinata', '2023-11-23 19:22:13', '2023-11-23 19:22:13'),
	(63, 7, 'Dyandra Habibie', '1', 0, NULL, NULL, NULL, 'default.png', 'dyandra-habibie', '2023-11-23 19:22:13', '2023-11-23 19:22:13'),
	(64, 16, 'Nadia Farhana Firmansyah', '2', 0, NULL, NULL, NULL, 'default.png', 'nadia-farhana-firmansyah', '2023-11-23 19:31:25', '2023-11-23 19:31:25'),
	(65, 1, 'Reysha Novrelia Putri Adika', '2', 0, NULL, NULL, NULL, 'default.png', 'reysha-novrelia-putri-adika', '2023-11-23 19:31:25', '2023-11-23 19:31:25'),
	(66, 17, 'Suri Alzira Mauza', '2', 0, NULL, NULL, NULL, 'default.png', 'suri-alzira-mauza', '2023-11-23 19:31:25', '2023-11-23 19:31:25'),
	(67, 5, 'Askanah Bilqis Darwisa', '2', 0, NULL, NULL, NULL, 'default.png', 'askanah-bilqis-darwisa', '2023-11-23 19:31:25', '2023-11-23 19:31:25'),
	(68, 9, 'Amora Belva Syahkira', '2', 0, NULL, NULL, NULL, 'default.png', 'amora-belva-syahkira', '2023-11-23 19:31:25', '2023-11-23 19:31:25'),
	(69, 12, 'Raisya Zhafira', '2', 0, NULL, NULL, NULL, 'default.png', 'raisya-zhafira', '2023-11-23 19:31:25', '2023-11-23 19:31:25'),
	(70, 21, 'Nadiva Alisha Syahropu', '2', 0, NULL, NULL, NULL, 'default.png', 'nadiva-alisha-syahropu', '2023-11-23 19:31:25', '2023-11-23 19:31:25'),
	(71, 8, 'Sarah Fatihah Khoiriyah', '2', 0, NULL, NULL, NULL, 'default.png', 'sarah-fatihah-khoiriyah', '2023-11-23 19:31:25', '2023-11-23 19:31:25'),
	(72, 17, 'Radinka Hamda Sakhia', '2', 0, NULL, NULL, NULL, 'default.png', 'radinka-hamda-sakhia', '2023-11-23 19:31:25', '2023-11-23 19:31:25'),
	(73, 18, 'Talita Fauziah Salim', '2', 0, NULL, NULL, NULL, 'default.png', 'talita-fauziah-salim', '2023-11-23 19:31:25', '2023-11-23 19:31:25'),
	(74, 22, 'Khaira Adzra Prandiya', '2', 0, NULL, NULL, NULL, 'default.png', 'khaira-adzra-prandiya', '2023-11-23 19:31:25', '2023-11-23 19:31:25'),
	(75, 4, 'Regina Difa Christi Pohan', '2', 0, NULL, NULL, NULL, 'default.png', 'regina-difa-christi-pohan', '2023-11-23 19:31:25', '2023-11-23 19:31:25'),
	(76, 17, 'Nailah Sakhi Andyra', '2', 0, NULL, NULL, NULL, 'default.png', 'nailah-sakhi-andyra', '2023-11-23 19:31:25', '2023-11-23 19:31:25'),
	(77, 16, 'Khalisa Fikratuha Putri', '2', 0, NULL, NULL, NULL, 'default.png', 'khalisa-fikratuha-putri', '2023-11-23 19:31:25', '2023-11-23 19:31:25'),
	(78, 8, 'Joelle Abigail Simanjuntak', '2', 0, NULL, NULL, NULL, 'default.png', 'joelle-abigail-simanjuntak', '2023-11-23 19:31:25', '2023-11-23 19:31:25'),
	(79, 23, 'Aqilla Zahwa Azzahra', '2', 0, NULL, NULL, NULL, 'default.png', 'aqilla-zahwa-azzahra', '2023-11-23 19:31:25', '2023-11-23 19:31:25'),
	(80, 8, 'Divya Novaurelin Andrian', '2', 0, NULL, NULL, NULL, 'default.png', 'divya-novaurelin-andrian', '2023-11-23 19:31:25', '2023-11-23 19:31:25'),
	(81, 2, 'Zifa Azzahra Harahap', '2', 0, NULL, NULL, NULL, 'default.png', 'zifa-azzahra-harahap', '2023-11-23 19:31:25', '2023-11-23 19:31:25'),
	(82, 1, 'Fahrisa Arafah Saleh', '2', 0, NULL, NULL, NULL, 'default.png', 'fahrisa-arafah-saleh', '2023-11-23 19:31:25', '2023-11-23 19:31:25'),
	(83, 16, 'Khayla Qorirah Afiqah', '2', 0, NULL, NULL, NULL, 'default.png', 'khayla-qorirah-afiqah', '2023-11-23 19:31:26', '2023-11-23 19:31:26'),
	(84, 1, 'Syakila Amanda Putri', '2', 0, NULL, NULL, NULL, 'default.png', 'syakila-amanda-putri', '2023-11-23 19:31:26', '2023-11-23 19:31:26'),
	(85, 19, 'Hadaya Nasywa Ghina A', '2', 0, NULL, NULL, NULL, 'default.png', 'hadaya-nasywa-ghina-a', '2023-11-23 19:31:26', '2023-11-23 19:31:26'),
	(86, 7, 'Najiyah Aqilla Agsecha', '2', 0, NULL, NULL, NULL, 'default.png', 'najiyah-aqilla-agsecha', '2023-11-23 19:31:26', '2023-11-23 19:31:26'),
	(87, 18, 'Aubrey Athaya Fathurra', '1', 0, NULL, NULL, NULL, 'default.png', 'aubrey-athaya-fathurra', '2023-11-23 19:31:26', '2023-11-23 19:31:26'),
	(88, 6, 'Muhammad Raja Hafuza', '1', 0, NULL, NULL, NULL, 'default.png', 'muhammad-raja-hafuza', '2023-11-23 19:31:26', '2023-11-23 19:31:26'),
	(89, 5, 'Brigade Bharata Reza', '1', 0, NULL, NULL, NULL, 'default.png', 'brigade-bharata-reza', '2023-11-23 19:31:26', '2023-11-23 19:31:26'),
	(90, 17, 'Gaza Yusuf  Maulana', '1', 0, NULL, NULL, NULL, 'default.png', 'gaza-yusuf-maulana', '2023-11-23 19:31:26', '2023-11-23 19:31:26'),
	(91, 7, 'Ariq Rifid Alfatih', '1', 0, NULL, NULL, NULL, 'default.png', 'ariq-rifid-alfatih', '2023-11-23 19:31:26', '2023-11-23 19:31:26'),
	(92, 4, 'Fayyadh Argani Zulian', '1', 0, NULL, NULL, NULL, 'default.png', 'fayyadh-argani-zulian', '2023-11-23 19:31:26', '2023-11-23 19:31:26'),
	(93, 8, 'Falihul Ahza Sugiyo Pranawa', '1', 0, NULL, NULL, NULL, 'default.png', 'falihul-ahza-sugiyo-pranawa', '2023-11-23 19:31:26', '2023-11-23 19:31:26'),
	(94, 6, 'Fharel Lhailatul Azzahary', '1', 0, NULL, NULL, NULL, 'default.png', 'fharel-lhailatul-azzahary', '2023-11-23 19:31:26', '2023-11-23 19:31:26'),
	(95, 17, 'Rizky Perdana Alfarizy Lbs', '1', 0, NULL, NULL, NULL, 'default.png', 'rizky-perdana-alfarizy-lbs', '2023-11-23 19:31:26', '2023-11-23 19:31:26'),
	(96, 8, 'Athallah Rizqi Arkana Prasetyo', '1', 0, NULL, NULL, NULL, 'default.png', 'athallah-rizqi-arkana-prasetyo', '2023-11-23 19:31:26', '2023-11-23 19:31:26'),
	(97, 24, 'Fawwas Rafello', '1', 0, NULL, NULL, NULL, 'default.png', 'fawwas-rafello', '2023-11-23 19:31:26', '2023-11-23 19:31:26'),
	(98, 12, 'Athallah Faiz Al-haq', '1', 0, NULL, NULL, NULL, 'default.png', 'athallah-faiz-al-haq', '2023-11-23 19:31:26', '2023-11-23 19:31:26'),
	(99, 2, 'Bagas Fathin Arkana', '1', 0, NULL, NULL, NULL, 'default.png', 'bagas-fathin-arkana', '2023-11-23 19:31:26', '2023-11-23 19:31:26'),
	(100, 3, 'Agung Willy Yossa', '1', 0, NULL, NULL, NULL, 'default.png', 'agung-willy-yossa', '2023-11-23 19:31:26', '2023-11-23 19:31:26'),
	(101, 12, 'Faris Ritonga', '1', 0, NULL, NULL, NULL, 'default.png', 'faris-ritonga', '2023-11-23 19:31:26', '2023-11-23 19:31:26'),
	(102, 5, 'Raditya Zaverio Chandra', '1', 0, NULL, NULL, NULL, 'default.png', 'raditya-zaverio-chandra', '2023-11-23 19:31:26', '2023-11-23 19:31:26'),
	(103, 17, 'Kamal Alhamid Dina', '1', 0, NULL, NULL, NULL, 'default.png', 'kamal-alhamid-dina', '2023-11-23 19:31:26', '2023-11-23 19:31:26'),
	(104, 4, 'Fahrezi Naufallika', '1', 0, NULL, NULL, NULL, 'default.png', 'fahrezi-naufallika', '2023-11-23 19:31:26', '2023-11-23 19:31:26'),
	(105, 2, 'Muhammad Naufal Dzaky', '1', 0, NULL, NULL, NULL, 'default.png', 'muhammad-naufal-dzaky', '2023-11-23 19:31:26', '2023-11-23 19:31:26'),
	(106, 1, 'Randhyto Auffar Fahreza', '1', 0, NULL, NULL, NULL, 'default.png', 'randhyto-auffar-fahreza', '2023-11-23 19:31:26', '2023-11-23 19:31:26'),
	(107, 17, 'Mhd. Anugerah Abel Alfatih', '1', 0, NULL, NULL, NULL, 'default.png', 'mhd-anugerah-abel-alfatih', '2023-11-23 19:31:26', '2023-11-23 19:31:26'),
	(108, 24, 'Muzakki Altaf Hidayat', '1', 0, NULL, NULL, NULL, 'default.png', 'muzakki-altaf-hidayat', '2023-11-23 19:31:26', '2023-11-23 19:31:26'),
	(109, 17, 'Shafa Aqilah', '2', 0, NULL, NULL, NULL, 'default.png', 'shafa-aqilah', '2023-11-23 19:31:26', '2023-11-23 19:31:26'),
	(110, 19, 'Luthfiyah Humairah', '2', 0, NULL, NULL, NULL, 'default.png', 'luthfiyah-humairah', '2023-11-23 19:31:26', '2023-11-23 19:31:26'),
	(111, 7, 'Fildzah Latifah Dayini', '2', 0, NULL, NULL, NULL, 'default.png', 'fildzah-latifah-dayini', '2023-11-23 19:31:26', '2023-11-23 19:31:26'),
	(112, 16, 'Khalisa Sabrina', '2', 0, NULL, NULL, NULL, 'default.png', 'khalisa-sabrina', '2023-11-23 19:31:26', '2023-11-23 19:31:26'),
	(113, 11, 'Azzalea Zahra Indraraharja', '2', 0, NULL, NULL, NULL, 'default.png', 'azzalea-zahra-indraraharja', '2023-11-23 19:31:26', '2023-11-23 19:31:26'),
	(114, 2, 'Nadhira Azzahra Darmawan', '2', 0, NULL, NULL, NULL, 'default.png', 'nadhira-azzahra-darmawan', '2023-11-23 19:31:26', '2023-11-23 19:31:26'),
	(115, 24, 'Monza Michaela Sasmita Adi', '2', 0, NULL, NULL, NULL, 'default.png', 'monza-michaela-sasmita-adi', '2023-11-23 19:31:26', '2023-11-23 19:31:26'),
	(116, 7, 'Zahira Trisna Malika Dewi', '2', 0, NULL, NULL, NULL, 'default.png', 'zahira-trisna-malika-dewi', '2023-11-23 19:31:26', '2023-11-23 19:31:26'),
	(117, 19, 'Dyah Ayu Pratiwi', '2', 0, NULL, NULL, NULL, 'default.png', 'dyah-ayu-pratiwi', '2023-11-23 19:31:26', '2023-11-23 19:31:26'),
	(118, 9, 'Maisya Aqila', '2', 0, NULL, NULL, NULL, 'default.png', 'maisya-aqila', '2023-11-23 19:31:26', '2023-11-23 19:31:26'),
	(119, 25, 'Yusmailika Dwi Cahya', '2', 0, NULL, NULL, NULL, 'default.png', 'yusmailika-dwi-cahya', '2023-11-23 19:31:26', '2023-11-23 19:31:26'),
	(120, 9, 'Almira Putri Ghannyy Raharjo', '2', 0, NULL, NULL, NULL, 'default.png', 'almira-putri-ghannyy-raharjo', '2023-11-23 19:31:26', '2023-11-23 19:31:26'),
	(121, 26, 'Cory Darya', '2', 0, NULL, NULL, NULL, 'default.png', 'cory-darya', '2023-11-23 19:31:26', '2023-11-23 19:31:26'),
	(122, 24, 'Dzakiyah Haura Lutfi\'ah', '2', 0, NULL, NULL, NULL, 'default.png', 'dzakiyah-haura-lutfi-ah', '2023-11-23 19:31:26', '2023-11-23 19:31:26'),
	(123, 4, 'Khatami Sahira', '2', 0, NULL, NULL, NULL, 'default.png', 'khatami-sahira', '2023-11-23 19:31:26', '2023-11-23 19:31:26'),
	(124, 12, 'Khalishah Qatrunnada', '2', 0, NULL, NULL, NULL, 'default.png', 'khalishah-qatrunnada', '2023-11-23 19:31:27', '2023-11-23 19:31:27'),
	(125, 12, 'Rhevano Putra Anugrah', '1', 0, NULL, NULL, NULL, 'default.png', 'rhevano-putra-anugrah', '2023-11-23 19:31:27', '2023-11-23 19:31:27'),
	(126, 4, 'Husain', '1', 0, NULL, NULL, NULL, 'default.png', 'husain', '2023-11-23 19:31:27', '2023-11-23 19:31:27'),
	(127, 7, 'Evan Rasyid Siregar', '1', 0, NULL, NULL, NULL, 'default.png', 'evan-rasyid-siregar', '2023-11-23 19:31:27', '2023-11-23 19:31:27'),
	(128, 5, 'Triady Satrio Pamungkas', '1', 0, NULL, NULL, NULL, 'default.png', 'triady-satrio-pamungkas', '2023-11-23 19:31:27', '2023-11-23 19:31:27'),
	(129, 3, 'Arvand Danish Syuhada Al Hafizh', '1', 0, NULL, NULL, NULL, 'default.png', 'arvand-danish-syuhada-al-hafizh', '2023-11-23 19:31:27', '2023-11-23 19:31:27'),
	(130, 24, 'Januandra Chanaro', '1', 0, NULL, NULL, NULL, 'default.png', 'januandra-chanaro', '2023-11-23 19:31:27', '2023-11-23 19:31:27'),
	(131, 2, 'Alif Meldy Zaidan', '1', 0, NULL, NULL, NULL, 'default.png', 'alif-meldy-zaidan', '2023-11-23 19:31:27', '2023-11-23 19:31:27'),
	(132, 12, 'Bintang Willy Ramadhan', '1', 0, NULL, NULL, NULL, 'default.png', 'bintang-willy-ramadhan', '2023-11-23 19:31:27', '2023-11-23 19:31:27'),
	(133, 5, 'Soji Agung Pramana', '1', 0, NULL, NULL, NULL, 'default.png', 'soji-agung-pramana', '2023-11-23 19:31:27', '2023-11-23 19:31:27'),
	(134, 8, 'Lewi Saduto Tambun', '1', 0, NULL, NULL, NULL, 'default.png', 'lewi-saduto-tambun', '2023-11-23 19:31:27', '2023-11-23 19:31:27'),
	(135, 26, 'M. Ikhsan Saputra', '1', 0, NULL, NULL, NULL, 'default.png', 'm-ikhsan-saputra', '2023-11-23 19:31:27', '2023-11-23 19:31:27'),
	(136, 2, 'Rasya Aqil Arif Hakim', '1', 0, NULL, NULL, NULL, 'default.png', 'rasya-aqil-arif-hakim', '2023-11-23 19:31:27', '2023-11-23 19:31:27'),
	(137, 19, 'Shandy Alwi Putra', '1', 0, NULL, NULL, NULL, 'default.png', 'shandy-alwi-putra', '2023-11-23 19:31:27', '2023-11-23 19:31:27'),
	(138, 26, 'Dzaky Sandra Farras Arkana', '1', 0, NULL, NULL, NULL, 'default.png', 'dzaky-sandra-farras-arkana', '2023-11-23 19:31:27', '2023-11-23 19:31:27'),
	(139, 4, 'Muhammad Aidan', '1', 0, NULL, NULL, NULL, 'default.png', 'muhammad-aidan', '2023-11-23 19:31:27', '2023-11-23 19:31:27'),
	(140, 26, 'Regiv Zavikra', '1', 0, NULL, NULL, NULL, 'default.png', 'regiv-zavikra', '2023-11-23 19:31:27', '2023-11-23 19:31:27'),
	(141, 17, 'Muhammad Rasya Rafif', '1', 0, NULL, NULL, NULL, 'default.png', 'muhammad-rasya-rafif', '2023-11-23 19:31:27', '2023-11-23 19:31:27'),
	(142, 9, 'Fhajar Rizky Maulana', '1', 0, NULL, NULL, NULL, 'default.png', 'fhajar-rizky-maulana', '2023-11-23 19:31:27', '2023-11-23 19:31:27'),
	(143, 12, 'Maher Satrio Rahman', '1', 0, NULL, NULL, NULL, 'default.png', 'maher-satrio-rahman', '2023-11-23 19:31:27', '2023-11-23 19:31:27'),
	(144, 16, 'Muhammad Ghaisan Almas', '1', 0, NULL, NULL, NULL, 'default.png', 'muhammad-ghaisan-almas', '2023-11-23 19:31:27', '2023-11-23 19:31:27'),
	(145, 27, 'Muhammad Dzaky Almair Agasta', '1', 0, NULL, NULL, NULL, 'default.png', 'muhammad-dzaky-almair-agasta', '2023-11-23 19:31:27', '2023-11-23 19:31:27'),
	(146, 7, 'Dziyab Faruq Aljefi', '1', 0, NULL, NULL, NULL, 'default.png', 'dziyab-faruq-aljefi', '2023-11-23 19:31:27', '2023-11-23 19:31:27'),
	(147, 24, 'Muhammad Ozil Hidayat', '1', 0, NULL, NULL, NULL, 'default.png', 'muhammad-ozil-hidayat', '2023-11-23 19:31:27', '2023-11-23 19:31:27'),
	(148, 5, 'Akhdan  Ziyad Rafareza', '1', 0, NULL, NULL, NULL, 'default.png', 'akhdan-ziyad-rafareza', '2023-11-23 19:31:27', '2023-11-23 19:31:27'),
	(149, 18, 'Daffa Abiyyu Afsan', '1', 0, NULL, NULL, NULL, 'default.png', 'daffa-abiyyu-afsan', '2023-11-23 19:31:27', '2023-11-23 19:31:27'),
	(150, 2, 'Albie Meldy Yukio', '1', 0, NULL, NULL, NULL, 'default.png', 'albie-meldy-yukio', '2023-11-23 19:31:27', '2023-11-23 19:31:27'),
	(151, 12, 'Fazila Hanza', '2', 0, NULL, NULL, NULL, 'default.png', 'fazila-hanza', '2023-11-23 19:38:22', '2023-11-23 19:38:22'),
	(152, 2, 'An Najwa Putri', '2', 0, NULL, NULL, NULL, 'default.png', 'an-najwa-putri', '2023-11-23 19:38:22', '2023-11-23 19:38:22'),
	(153, 8, 'Alzena Delfi Liora', '2', 0, NULL, NULL, NULL, 'default.png', 'alzena-delfi-liora', '2023-11-23 19:38:22', '2023-11-23 19:38:22'),
	(154, 6, 'Aura Tirta Ramadana', '2', 0, NULL, NULL, NULL, 'default.png', 'aura-tirta-ramadana', '2023-11-23 19:38:22', '2023-11-23 19:38:22'),
	(155, 28, 'Mozza Aurella Safaraz', '2', 0, NULL, NULL, NULL, 'default.png', 'mozza-aurella-safaraz', '2023-11-23 19:38:22', '2023-11-23 19:38:22'),
	(156, 9, 'Nada Salsabila', '2', 0, NULL, NULL, NULL, 'default.png', 'nada-salsabila', '2023-11-23 19:38:22', '2023-11-23 19:38:22'),
	(157, 20, 'Khanza Aulia', '2', 0, NULL, NULL, NULL, 'default.png', 'khanza-aulia', '2023-11-23 19:38:22', '2023-11-23 19:38:22'),
	(158, 29, 'Riska Aulia', '2', 0, NULL, NULL, NULL, 'default.png', 'riska-aulia', '2023-11-23 19:38:22', '2023-11-23 19:38:22'),
	(159, 1, 'Syalwa Anindira', '2', 0, NULL, NULL, NULL, 'default.png', 'syalwa-anindira', '2023-11-23 19:38:22', '2023-11-23 19:38:22'),
	(160, 2, 'Aqilah Syifa Annur', '2', 0, NULL, NULL, NULL, 'default.png', 'aqilah-syifa-annur', '2023-11-23 19:38:22', '2023-11-23 19:38:22'),
	(161, 9, 'Zahiyah Fairuz', '2', 0, NULL, NULL, NULL, 'default.png', 'zahiyah-fairuz', '2023-11-23 19:38:22', '2023-11-23 19:38:22'),
	(162, 7, 'Atifa Harzula Akselia', '2', 0, NULL, NULL, NULL, 'default.png', 'atifa-harzula-akselia', '2023-11-23 19:38:22', '2023-11-23 19:38:22'),
	(163, 30, 'Zalwa Nurdesvani', '2', 0, NULL, NULL, NULL, 'default.png', 'zalwa-nurdesvani', '2023-11-23 19:38:22', '2023-11-23 19:38:22'),
	(164, 24, 'Assyifa Akillasyah', '2', 0, NULL, NULL, NULL, 'default.png', 'assyifa-akillasyah', '2023-11-23 19:38:22', '2023-11-23 19:38:22'),
	(165, 8, 'Nuraisha Izzatul Jannah', '2', 0, NULL, NULL, NULL, 'default.png', 'nuraisha-izzatul-jannah', '2023-11-23 19:38:22', '2023-11-23 19:38:22'),
	(166, 8, 'Sheza Fatillah Ramadhani', '2', 0, NULL, NULL, NULL, 'default.png', 'sheza-fatillah-ramadhani', '2023-11-23 19:38:22', '2023-11-23 19:38:22'),
	(178, 35, 'Ivana Azalia Zahra', '2', 0, NULL, NULL, NULL, 'default.png', 'ivana-azalia-zahra', '2023-11-23 19:52:49', '2023-11-23 19:52:49'),
	(179, 12, 'Marsya Aulia Khaida Putri', '2', 0, NULL, NULL, NULL, 'default.png', 'marsya-aulia-khaida-putri', '2023-11-23 19:52:49', '2023-11-23 19:52:49'),
	(180, 36, 'Asya Azzahra', '2', 0, NULL, NULL, NULL, 'default.png', 'asya-azzahra', '2023-11-23 19:52:49', '2023-11-23 19:52:49'),
	(181, 3, 'Revani Putri Adydinanti', '2', 0, NULL, NULL, NULL, 'default.png', 'revani-putri-adydinanti', '2023-11-23 19:52:49', '2023-11-23 19:52:49'),
	(182, 37, 'Saysar Putri Nadin Istiarini', '2', 0, NULL, NULL, NULL, 'default.png', 'saysar-putri-nadin-istiarini', '2023-11-23 19:52:49', '2023-11-23 19:52:49'),
	(183, 24, 'Lulu Dwi Anjani', '2', 0, NULL, NULL, NULL, 'default.png', 'lulu-dwi-anjani', '2023-11-23 19:52:49', '2023-11-23 19:52:49'),
	(184, 36, 'Gwenda Gaizka', '2', 0, NULL, NULL, NULL, 'default.png', 'gwenda-gaizka', '2023-11-23 19:52:49', '2023-11-23 19:52:49'),
	(185, 18, 'Marselle Giana', '2', 0, NULL, NULL, NULL, 'default.png', 'marselle-giana', '2023-11-23 19:52:49', '2023-11-23 19:52:49'),
	(186, 36, 'Athifa Declarin', '2', 0, NULL, NULL, NULL, 'default.png', 'athifa-declarin', '2023-11-23 19:52:49', '2023-11-23 19:52:49'),
	(187, 12, 'Nabilla Rizky Amanda', '2', 0, NULL, NULL, NULL, 'default.png', 'nabilla-rizky-amanda', '2023-11-23 19:52:49', '2023-11-23 19:52:49'),
	(188, 17, 'Vania Atika Putri Siregar', '2', 0, NULL, NULL, NULL, 'default.png', 'vania-atika-putri-siregar', '2023-11-23 19:52:49', '2023-11-23 19:52:49'),
	(189, 38, 'Ratu Siva Hutami Purba', '2', 0, NULL, NULL, NULL, 'default.png', 'ratu-siva-hutami-purba', '2023-11-23 19:52:49', '2023-11-23 19:52:49'),
	(190, 17, 'Laura Ivana Tesalonika Sihaloho', '2', 0, NULL, NULL, NULL, 'default.png', 'laura-ivana-tesalonika-sihaloho', '2023-11-23 19:52:50', '2023-11-23 19:52:50'),
	(191, 2, 'Ziyan Silmi Harahap', '2', 0, NULL, NULL, NULL, 'default.png', 'ziyan-silmi-harahap', '2023-11-23 19:52:50', '2023-11-23 19:52:50'),
	(192, 24, 'Jovanca Charlotte Sasmita Adi', '2', 0, NULL, NULL, NULL, 'default.png', 'jovanca-charlotte-sasmita-adi', '2023-11-23 19:52:50', '2023-11-23 19:52:50'),
	(193, 1, 'Putrisia Mutiara Sakti', '2', 0, NULL, NULL, NULL, 'default.png', 'putrisia-mutiara-sakti', '2023-11-23 19:52:50', '2023-11-23 19:52:50'),
	(194, 2, 'Tiara Hayyu Salsabila', '2', 0, NULL, NULL, NULL, 'default.png', 'tiara-hayyu-salsabila', '2023-11-23 19:52:50', '2023-11-23 19:52:50'),
	(195, 12, 'Chelshy Abdinca Avelina Kirana Putri', '2', 0, NULL, NULL, NULL, 'default.png', 'chelshy-abdinca-avelina-kirana-putri', '2023-11-23 19:52:50', '2023-11-23 19:52:50'),
	(196, 12, 'Aura Maulidiah', '2', 0, NULL, NULL, NULL, 'default.png', 'aura-maulidiah', '2023-11-23 19:52:50', '2023-11-23 19:52:50'),
	(197, 8, 'Cristian Devalde Erikson Marpaung', '1', 0, NULL, NULL, NULL, 'default.png', 'cristian-devalde-erikson-marpaung', '2023-11-23 19:52:50', '2023-11-23 19:52:50'),
	(198, 17, 'Alif Alfaridzi', '1', 0, NULL, NULL, NULL, 'default.png', 'alif-alfaridzi', '2023-11-23 19:52:50', '2023-11-23 19:52:50'),
	(199, 11, 'Amar Firdaus Ts', '1', 0, NULL, NULL, NULL, 'default.png', 'amar-firdaus-ts', '2023-11-23 19:52:50', '2023-11-23 19:52:50'),
	(200, 8, 'Fadil Dikara A Nugrah', '1', 0, NULL, NULL, NULL, 'default.png', 'fadil-dikara-a-nugrah', '2023-11-23 19:52:50', '2023-11-23 19:52:50'),
	(201, 26, 'Daffa Muhammad Al Fauzen', '1', 0, NULL, NULL, NULL, 'default.png', 'daffa-muhammad-al-fauzen', '2023-11-23 19:52:50', '2023-11-23 19:52:50'),
	(202, 17, 'Muhammad Lutfi Kamil Siregar', '1', 0, NULL, NULL, NULL, 'default.png', 'muhammad-lutfi-kamil-siregar', '2023-11-23 19:52:50', '2023-11-23 19:52:50'),
	(203, 25, 'Nicodemus Budiartha Adi Sukarno', '1', 0, NULL, NULL, NULL, 'default.png', 'nicodemus-budiartha-adi-sukarno', '2023-11-23 19:52:50', '2023-11-23 19:52:50'),
	(204, 24, 'Rafi Pandu Gumilang', '1', 0, NULL, NULL, NULL, 'default.png', 'rafi-pandu-gumilang', '2023-11-23 19:52:50', '2023-11-23 19:52:50'),
	(205, 12, 'Adam Zuhri Ramadhan', '1', 0, NULL, NULL, NULL, 'default.png', 'adam-zuhri-ramadhan', '2023-11-23 19:52:50', '2023-11-23 19:52:50'),
	(206, 17, 'M. Fakhri Azakwan', '1', 0, NULL, NULL, NULL, 'default.png', 'm-fakhri-azakwan', '2023-11-23 19:52:50', '2023-11-23 19:52:50'),
	(207, 29, 'Mhd. David Aldi Nasution', '1', 0, NULL, NULL, NULL, 'default.png', 'mhd-david-aldi-nasution', '2023-11-23 19:52:50', '2023-11-23 19:52:50'),
	(208, 12, 'Ahmad Arrazin', '1', 0, NULL, NULL, NULL, 'default.png', 'ahmad-arrazin', '2023-11-23 19:52:50', '2023-11-23 19:52:50'),
	(209, 7, 'Ignatius Ario Subagya', '1', 0, NULL, NULL, NULL, 'default.png', 'ignatius-ario-subagya', '2023-11-23 19:52:50', '2023-11-23 19:52:50'),
	(210, 39, 'Bimo Panca Pangestu', '1', 0, NULL, NULL, NULL, 'default.png', 'bimo-panca-pangestu', '2023-11-23 19:52:50', '2023-11-23 19:52:50'),
	(211, 12, 'Narendra Ahmad Kartiko', '1', 0, NULL, NULL, NULL, 'default.png', 'narendra-ahmad-kartiko', '2023-11-23 19:52:50', '2023-11-23 19:52:50'),
	(212, 1, 'Aura Latisha Aquina', '2', 0, NULL, NULL, NULL, 'default.png', 'aura-latisha-aquina-2', '2023-11-23 19:52:50', '2023-11-23 19:52:50'),
	(213, 3, 'Andi Athirah Ramlah Junaedi', '2', 0, NULL, NULL, NULL, 'default.png', 'andi-athirah-ramlah-junaedi-2', '2023-11-23 19:52:50', '2023-11-23 19:52:50'),
	(214, 7, 'Kamania Kirana Wijaya', '2', 0, NULL, NULL, NULL, 'default.png', 'kamania-kirana-wijaya-2', '2023-11-23 19:52:50', '2023-11-23 19:52:50'),
	(215, 4, 'Annasya Fatia Maritza', '2', 0, NULL, NULL, NULL, 'default.png', 'annasya-fatia-maritza-2', '2023-11-23 19:52:50', '2023-11-23 19:52:50'),
	(216, 2, 'Gendis Alvinqa Sinaga', '2', 0, NULL, NULL, NULL, 'default.png', 'gendis-alvinqa-sinaga-2', '2023-11-23 19:52:50', '2023-11-23 19:52:50'),
	(217, 8, 'Karaissa Nadhifa Cinta Gitri', '2', 0, NULL, NULL, NULL, 'default.png', 'karaissa-nadhifa-cinta-gitri-2', '2023-11-23 19:52:50', '2023-11-23 19:52:50'),
	(218, 3, 'Rayhana Muthia Zhafira Syuhada', '2', 0, NULL, NULL, NULL, 'default.png', 'rayhana-muthia-zhafira-syuhada-2', '2023-11-23 19:52:50', '2023-11-23 19:52:50'),
	(219, 4, 'Qiana Shaqayla Irawan', '2', 0, NULL, NULL, NULL, 'default.png', 'qiana-shaqayla-irawan-2', '2023-11-23 19:52:50', '2023-11-23 19:52:50'),
	(220, 7, 'Rawnie Fathina Agsecha', '2', 0, NULL, NULL, NULL, 'default.png', 'rawnie-fathina-agsecha-2', '2023-11-23 19:52:50', '2023-11-23 19:52:50'),
	(221, 3, 'Melissa Aurellia Jasmine', '2', 0, NULL, NULL, NULL, 'default.png', 'melissa-aurellia-jasmine-2', '2023-11-23 19:52:50', '2023-11-23 19:52:50'),
	(222, 6, 'Almahyra Shaqueena. K', '2', 0, NULL, NULL, NULL, 'default.png', 'almahyra-shaqueena-k-2', '2023-11-23 19:52:51', '2023-11-23 19:52:51'),
	(223, 3, 'Gendhis Prianka Lova', '2', 0, NULL, NULL, NULL, 'default.png', 'gendhis-prianka-lova-2', '2023-11-23 19:52:51', '2023-11-23 19:52:51'),
	(224, 9, 'Adhwa Isrami Tazkia', '2', 0, NULL, NULL, NULL, 'default.png', 'adhwa-isrami-tazkia-2', '2023-11-23 19:52:51', '2023-11-23 19:52:51'),
	(225, 8, 'Kheira Hafizah Cateleya Jaidi', '2', 0, NULL, NULL, NULL, 'default.png', 'kheira-hafizah-cateleya-jaidi-2', '2023-11-23 19:52:51', '2023-11-23 19:52:51'),
	(226, 5, 'Nurcelya  Almeera  Ajunnata', '2', 0, NULL, NULL, NULL, 'default.png', 'nurcelya-almeera-ajunnata-2', '2023-11-23 19:52:51', '2023-11-23 19:52:51'),
	(227, 4, 'Alya Shakila', '2', 0, NULL, NULL, NULL, 'default.png', 'alya-shakila-2', '2023-11-23 19:52:51', '2023-11-23 19:52:51'),
	(228, 8, 'Muhammad Zafran Al Fatih', '1', 0, NULL, NULL, NULL, 'default.png', 'muhammad-zafran-al-fatih-2', '2023-11-23 19:52:51', '2023-11-23 19:52:51'),
	(229, 4, 'Shahzad Kasyafani Zulian', '1', 0, NULL, NULL, NULL, 'default.png', 'shahzad-kasyafani-zulian-2', '2023-11-23 19:52:51', '2023-11-23 19:52:51'),
	(230, 10, 'Muhammad Rifqi Irsyad Alfarizi', '1', 0, NULL, NULL, NULL, 'default.png', 'muhammad-rifqi-irsyad-alfarizi-2', '2023-11-23 19:52:51', '2023-11-23 19:52:51'),
	(231, 6, 'Azka Ar Razzaaq Arianto', '1', 0, NULL, NULL, NULL, 'default.png', 'azka-ar-razzaaq-arianto-2', '2023-11-23 19:52:51', '2023-11-23 19:52:51'),
	(232, 11, 'Abqary Mahameru Safaraz', '1', 0, NULL, NULL, NULL, 'default.png', 'abqary-mahameru-safaraz-2', '2023-11-23 19:52:51', '2023-11-23 19:52:51'),
	(233, 12, 'Gabriell Cleinthanos Sitanggang', '1', 0, NULL, NULL, NULL, 'default.png', 'gabriell-cleinthanos-sitanggang-2', '2023-11-23 19:52:51', '2023-11-23 19:52:51'),
	(234, 7, 'Aghara Kheivan Adinata', '1', 0, NULL, NULL, NULL, 'default.png', 'aghara-kheivan-adinata-2', '2023-11-23 19:52:51', '2023-11-23 19:52:51'),
	(235, 6, 'Nadhira Rezeki Ananda', '2', 0, NULL, NULL, NULL, 'default.png', 'nadhira-rezeki-ananda-2', '2023-11-23 19:52:51', '2023-11-23 19:52:51'),
	(236, 8, 'Azalia Salsabila Nasya', '2', 0, NULL, NULL, NULL, 'default.png', 'azalia-salsabila-nasya-2', '2023-11-23 19:52:51', '2023-11-23 19:52:51'),
	(237, 2, 'Delisha Shadrina Syahqueen', '2', 0, NULL, NULL, NULL, 'default.png', 'delisha-shadrina-syahqueen-2', '2023-11-23 19:52:51', '2023-11-23 19:52:51'),
	(238, 17, 'Khalilah Azzura Nasution', '2', 0, NULL, NULL, NULL, 'default.png', 'khalilah-azzura-nasution-2', '2023-11-23 19:52:51', '2023-11-23 19:52:51'),
	(239, 2, 'Nabilah Husna', '2', 0, NULL, NULL, NULL, 'default.png', 'nabilah-husna-2', '2023-11-23 19:52:51', '2023-11-23 19:52:51'),
	(240, 4, 'Naura Azzahra Rahma', '2', 0, NULL, NULL, NULL, 'default.png', 'naura-azzahra-rahma-2', '2023-11-23 19:52:51', '2023-11-23 19:52:51'),
	(241, 2, 'Queen Amaradita Darmawan', '2', 0, NULL, NULL, NULL, 'default.png', 'queen-amaradita-darmawan-2', '2023-11-23 19:52:51', '2023-11-23 19:52:51'),
	(242, 17, 'Alyssa Azzahra Matondang', '2', 0, NULL, NULL, NULL, 'default.png', 'alyssa-azzahra-matondang-2', '2023-11-23 19:52:51', '2023-11-23 19:52:51'),
	(243, 18, 'Ceisya Nayyasa Quincy', '2', 0, NULL, NULL, NULL, 'default.png', 'ceisya-nayyasa-quincy-2', '2023-11-23 19:52:51', '2023-11-23 19:52:51'),
	(244, 19, 'Thanaya Zifara', '2', 0, NULL, NULL, NULL, 'default.png', 'thanaya-zifara-2', '2023-11-23 19:52:51', '2023-11-23 19:52:51'),
	(245, 16, 'Shandria Maharani Dyanto', '2', 0, NULL, NULL, NULL, 'default.png', 'shandria-maharani-dyanto-2', '2023-11-23 19:52:51', '2023-11-23 19:52:51'),
	(246, 1, 'Aslamia Armiah Sitepu', '2', 0, NULL, NULL, NULL, 'default.png', 'aslamia-armiah-sitepu-2', '2023-11-23 19:52:51', '2023-11-23 19:52:51'),
	(247, 2, 'Tiara Meidy Olivia', '2', 0, NULL, NULL, NULL, 'default.png', 'tiara-meidy-olivia-2', '2023-11-23 19:52:51', '2023-11-23 19:52:51'),
	(248, 4, 'Malayeka Shaziva Rifza', '2', 0, NULL, NULL, NULL, 'default.png', 'malayeka-shaziva-rifza-2', '2023-11-23 19:52:51', '2023-11-23 19:52:51'),
	(249, 17, 'Hauri Washfa Kamila', '2', 0, NULL, NULL, NULL, 'default.png', 'hauri-washfa-kamila-2', '2023-11-23 19:52:51', '2023-11-23 19:52:51'),
	(250, 1, 'Islamia Armiah Sitepu', '2', 0, NULL, NULL, NULL, 'default.png', 'islamia-armiah-sitepu-2', '2023-11-23 19:52:51', '2023-11-23 19:52:51'),
	(251, 19, 'Iqlima Almatiin', '2', 0, NULL, NULL, NULL, 'default.png', 'iqlima-almatiin-2', '2023-11-23 19:52:51', '2023-11-23 19:52:51'),
	(252, 2, 'Amira Qabila Lingga', '2', 0, NULL, NULL, NULL, 'default.png', 'amira-qabila-lingga-2', '2023-11-23 19:52:51', '2023-11-23 19:52:51'),
	(253, 17, 'Fakhirah Shabila Asrul', '2', 0, NULL, NULL, NULL, 'default.png', 'fakhirah-shabila-asrul-2', '2023-11-23 19:52:51', '2023-11-23 19:52:51'),
	(254, 6, 'Oktri Adli Kalifah', '2', 0, NULL, NULL, NULL, 'default.png', 'oktri-adli-kalifah-2', '2023-11-23 19:52:51', '2023-11-23 19:52:51'),
	(255, 4, 'Muhammad Abbian Prayata', '1', 0, NULL, NULL, NULL, 'default.png', 'muhammad-abbian-prayata-2', '2023-11-23 19:52:51', '2023-11-23 19:52:51'),
	(256, 2, 'M. Alif Fathir', '1', 0, NULL, NULL, NULL, 'default.png', 'm-alif-fathir-2', '2023-11-23 19:52:52', '2023-11-23 19:52:52'),
	(257, 8, 'Ismail Dzakir Khafadi', '1', 0, NULL, NULL, NULL, 'default.png', 'ismail-dzakir-khafadi-2', '2023-11-23 19:52:52', '2023-11-23 19:52:52'),
	(258, 17, 'M. Azka Putra Caza', '1', 0, NULL, NULL, NULL, 'default.png', 'm-azka-putra-caza-2', '2023-11-23 19:52:52', '2023-11-23 19:52:52'),
	(259, 7, 'Dyandra Habibie', '1', 0, NULL, NULL, NULL, 'default.png', 'dyandra-habibie-2', '2023-11-23 19:52:52', '2023-11-23 19:52:52'),
	(260, 5, 'Azka Aldric', '1', 0, NULL, NULL, NULL, 'default.png', 'azka-aldric-2', '2023-11-23 19:52:52', '2023-11-23 19:52:52'),
	(261, 8, 'Junio Tristan Sanjaya Sembiring', '1', 0, NULL, NULL, NULL, 'default.png', 'junio-tristan-sanjaya-sembiring-2', '2023-11-23 19:52:52', '2023-11-23 19:52:52'),
	(262, 20, 'Naufal Arze Rizky', '1', 0, NULL, NULL, NULL, 'default.png', 'naufal-arze-rizky-2', '2023-11-23 19:52:52', '2023-11-23 19:52:52'),
	(263, 7, 'Kiyan Arkhan Kurniawan', '1', 0, NULL, NULL, NULL, 'default.png', 'kiyan-arkhan-kurniawan-2', '2023-11-23 19:52:52', '2023-11-23 19:52:52'),
	(264, 1, 'Khalid Ammar Lathif', '1', 0, NULL, NULL, NULL, 'default.png', 'khalid-ammar-lathif-2', '2023-11-23 19:52:52', '2023-11-23 19:52:52'),
	(265, 8, 'King Hafiz Runezia Dinata', '1', 0, NULL, NULL, NULL, 'default.png', 'king-hafiz-runezia-dinata-2', '2023-11-23 19:52:52', '2023-11-23 19:52:52'),
	(266, 17, 'Ozzy Radika', '1', 0, NULL, NULL, NULL, 'default.png', 'ozzy-radika-2', '2023-11-23 19:52:52', '2023-11-23 19:52:52'),
	(267, 5, 'Aiman Hakim Ridza', '1', 0, NULL, NULL, NULL, 'default.png', 'aiman-hakim-ridza-2', '2023-11-23 19:52:52', '2023-11-23 19:52:52'),
	(268, 12, 'Alief Fiqrie Al Ghifari', '1', 0, NULL, NULL, NULL, 'default.png', 'alief-fiqrie-al-ghifari-2', '2023-11-23 19:52:52', '2023-11-23 19:52:52'),
	(269, 36, 'Alvin Adzana Putra', '1', 0, NULL, NULL, NULL, 'default.png', 'alvin-adzana-putra', '2023-11-23 23:51:44', '2023-11-23 23:51:44'),
	(270, 29, 'Amru Assahidy', '1', 0, NULL, NULL, NULL, 'default.png', 'amru-assahidy', '2023-11-23 23:51:44', '2023-11-23 23:51:44'),
	(271, 12, 'Risky Alvaro Qodry', '1', 0, NULL, NULL, NULL, 'default.png', 'risky-alvaro-qodry', '2023-11-23 23:51:44', '2023-11-23 23:51:44'),
	(272, 36, 'Fadli Ansyari', '1', 0, NULL, NULL, NULL, 'default.png', 'fadli-ansyari', '2023-11-23 23:51:44', '2023-11-23 23:51:44');

-- Membuang data untuk tabel skate_db.team_members_log: ~258 rows (lebih kurang)
INSERT INTO `team_members_log` (`id`, `member_id`, `team_id`, `member`, `gender`, `birth`, `address`, `phone`, `email`, `image`, `slug`, `status_log`, `created_at`, `updated_at`) VALUES
	(1, 1, 1, 'Aura Latisha Aquina', '2', 0, NULL, NULL, NULL, 'default.png', 'aura-latisha-aquina', 'Insert', '2023-11-23 07:30:48', '2023-11-23 07:30:48'),
	(2, 2, 2, 'Gendis Alvinqa Sinaga', '2', 0, NULL, NULL, NULL, 'default.png', 'gendis-alvinqa-sinaga', 'Insert', '2023-11-23 07:30:48', '2023-11-23 07:30:48'),
	(3, 3, 3, 'Andi Athirah Ramlah Junaedi', '2', 0, NULL, NULL, NULL, 'default.png', 'andi-athirah-ramlah-junaedi', 'Insert', '2023-11-23 07:30:48', '2023-11-23 07:30:48'),
	(4, 4, 4, 'Annasya Fatia Maritza', '2', 0, NULL, NULL, NULL, 'default.png', 'annasya-fatia-maritza', 'Insert', '2023-11-23 07:30:48', '2023-11-23 07:30:48'),
	(5, 5, 4, 'Alya Shakila', '2', 0, NULL, NULL, NULL, 'default.png', 'alya-shakila', 'Insert', '2023-11-23 07:30:48', '2023-11-23 07:30:48'),
	(6, 6, 5, 'Nurcelya Almeera Ajunnata', '2', 0, NULL, NULL, NULL, 'default.png', 'nurcelya-almeera-ajunnata', 'Insert', '2023-11-23 07:30:48', '2023-11-23 07:30:48'),
	(7, 7, 6, 'Almahyra Shaqueena. K', '2', 0, NULL, NULL, NULL, 'default.png', 'almahyra-shaqueena-k', 'Insert', '2023-11-23 07:30:48', '2023-11-23 07:30:48'),
	(8, 8, 4, 'Qiana Shaqayla Irawan', '2', 0, NULL, NULL, NULL, 'default.png', 'qiana-shaqayla-irawan', 'Insert', '2023-11-23 07:30:48', '2023-11-23 07:30:48'),
	(9, 9, 7, 'Rawnie Fathina Agsecha', '2', 0, NULL, NULL, NULL, 'default.png', 'rawnie-fathina-agsecha', 'Insert', '2023-11-23 07:30:48', '2023-11-23 07:30:48'),
	(10, 10, 8, 'Karaissa Nadhifa Cinta Gitri', '2', 0, NULL, NULL, NULL, 'default.png', 'karaissa-nadhifa-cinta-gitri', 'Insert', '2023-11-23 07:30:48', '2023-11-23 07:30:48'),
	(11, 11, 3, 'Gendhis Prianka Lova', '2', 0, NULL, NULL, NULL, 'default.png', 'gendhis-prianka-lova', 'Insert', '2023-11-23 07:30:48', '2023-11-23 07:30:48'),
	(12, 12, 7, 'Kamania Kirana Wijaya', '2', 0, NULL, NULL, NULL, 'default.png', 'kamania-kirana-wijaya', 'Insert', '2023-11-23 07:30:48', '2023-11-23 07:30:48'),
	(13, 13, 9, 'Adhwa Isrami Tazkia', '2', 0, NULL, NULL, NULL, 'default.png', 'adhwa-isrami-tazkia', 'Insert', '2023-11-23 07:30:48', '2023-11-23 07:30:48'),
	(14, 14, 3, 'Rayhana Muthia Zhafira Syuhada', '2', 0, NULL, NULL, NULL, 'default.png', 'rayhana-muthia-zhafira-syuhada', 'Insert', '2023-11-23 07:30:48', '2023-11-23 07:30:48'),
	(15, 15, 8, 'Kheira Hafizah Cateleya Jaidi', '2', 0, NULL, NULL, NULL, 'default.png', 'kheira-hafizah-cateleya-jaidi', 'Insert', '2023-11-23 07:30:48', '2023-11-23 07:30:48'),
	(16, 16, 3, 'Melissa Aurellia Jasmine', '2', 0, NULL, NULL, NULL, 'default.png', 'melissa-aurellia-jasmine', 'Insert', '2023-11-23 07:30:48', '2023-11-23 07:30:48'),
	(17, 17, 8, 'Muhammad Zafran Al Fatih', '1', 0, NULL, NULL, NULL, 'default.png', 'muhammad-zafran-al-fatih', 'Insert', '2023-11-23 07:36:15', '2023-11-23 07:36:15'),
	(18, 18, 4, 'Shahzad Kasyafani Zulian', '1', 0, NULL, NULL, NULL, 'default.png', 'shahzad-kasyafani-zulian', 'Insert', '2023-11-23 07:36:15', '2023-11-23 07:36:15'),
	(19, 19, 10, 'Muhammad Rifqi Irsyad Alfarizi', '1', 0, NULL, NULL, NULL, 'default.png', 'muhammad-rifqi-irsyad-alfarizi', 'Insert', '2023-11-23 07:36:15', '2023-11-23 07:36:15'),
	(20, 20, 6, 'Azka Ar Razzaaq Arianto', '1', 0, NULL, NULL, NULL, 'default.png', 'azka-ar-razzaaq-arianto', 'Insert', '2023-11-23 07:36:15', '2023-11-23 07:36:15'),
	(21, 21, 11, 'Abqary Mahameru Safaraz', '1', 0, NULL, NULL, NULL, 'default.png', 'abqary-mahameru-safaraz', 'Insert', '2023-11-23 07:36:15', '2023-11-23 07:36:15'),
	(22, 22, 12, 'Gabriell Cleinthanos Sitanggang', '1', 0, NULL, NULL, NULL, 'default.png', 'gabriell-cleinthanos-sitanggang', 'Insert', '2023-11-23 07:36:16', '2023-11-23 07:36:16'),
	(23, 23, 7, 'Aghara Kheivan Adinata', '1', 0, NULL, NULL, NULL, 'default.png', 'aghara-kheivan-adinata', 'Insert', '2023-11-23 07:36:16', '2023-11-23 07:36:16'),
	(24, 22, 12, 'Gabriell Cleinthanos Sitanggang', '1', 0, '', NULL, '', 'default.png', 'gabriell-cleinthanos-sitanggang', 'Update', '2023-11-23 07:36:16', '2023-11-23 07:44:02'),
	(25, 22, 12, 'Gabriell Cleinthanos Sitanggang', '2', 1990, '', NULL, '', 'default.png', 'gabriell-cleinthanos-sitanggang', 'Update', '2023-11-23 07:36:16', '2023-11-23 07:44:43'),
	(26, 22, 12, 'Gabriell Cleinthanos Sitanggang', '1', 1990, '', NULL, '', 'default.png', 'gabriell-cleinthanos-sitanggang', 'Update', '2023-11-23 07:36:16', '2023-11-23 07:44:54'),
	(33, 30, 4, 'Malayeka Shaziva Rifza', '2', 0, NULL, NULL, NULL, 'default.png', 'malayeka-shaziva-rifza', 'Insert', '2023-11-23 19:22:12', '2023-11-23 19:22:12'),
	(34, 31, 16, 'Shandria Maharani Dyanto', '2', 0, NULL, NULL, NULL, 'default.png', 'shandria-maharani-dyanto', 'Insert', '2023-11-23 19:22:12', '2023-11-23 19:22:12'),
	(35, 32, 4, 'Naura Azzahra Rahma', '2', 0, NULL, NULL, NULL, 'default.png', 'naura-azzahra-rahma', 'Insert', '2023-11-23 19:22:12', '2023-11-23 19:22:12'),
	(36, 33, 2, 'Amira Qabila Lingga', '2', 0, NULL, NULL, NULL, 'default.png', 'amira-qabila-lingga', 'Insert', '2023-11-23 19:22:12', '2023-11-23 19:22:12'),
	(37, 34, 17, 'Khalilah Azzura Nasution', '2', 0, NULL, NULL, NULL, 'default.png', 'khalilah-azzura-nasution', 'Insert', '2023-11-23 19:22:12', '2023-11-23 19:22:12'),
	(38, 35, 6, 'Nadhira Rezeki Ananda', '2', 0, NULL, NULL, NULL, 'default.png', 'nadhira-rezeki-ananda', 'Insert', '2023-11-23 19:22:12', '2023-11-23 19:22:12'),
	(39, 36, 18, 'Ceisya Nayyasa Quincy', '2', 0, NULL, NULL, NULL, 'default.png', 'ceisya-nayyasa-quincy', 'Insert', '2023-11-23 19:22:12', '2023-11-23 19:22:12'),
	(40, 37, 1, 'Islamia Armiah Sitepu', '2', 0, NULL, NULL, NULL, 'default.png', 'islamia-armiah-sitepu', 'Insert', '2023-11-23 19:22:12', '2023-11-23 19:22:12'),
	(41, 38, 6, 'Oktri Adli Kalifah', '2', 0, NULL, NULL, NULL, 'default.png', 'oktri-adli-kalifah', 'Insert', '2023-11-23 19:22:12', '2023-11-23 19:22:12'),
	(42, 39, 1, 'Aslamia Armiah Sitepu', '2', 0, NULL, NULL, NULL, 'default.png', 'aslamia-armiah-sitepu', 'Insert', '2023-11-23 19:22:12', '2023-11-23 19:22:12'),
	(43, 40, 17, 'Hauri Washfa Kamila', '2', 0, NULL, NULL, NULL, 'default.png', 'hauri-washfa-kamila', 'Insert', '2023-11-23 19:22:12', '2023-11-23 19:22:12'),
	(44, 41, 2, 'Queen Amaradita Darmawan', '2', 0, NULL, NULL, NULL, 'default.png', 'queen-amaradita-darmawan', 'Insert', '2023-11-23 19:22:12', '2023-11-23 19:22:12'),
	(45, 42, 17, 'Fakhirah Shabila Asrul', '2', 0, NULL, NULL, NULL, 'default.png', 'fakhirah-shabila-asrul', 'Insert', '2023-11-23 19:22:12', '2023-11-23 19:22:12'),
	(46, 43, 8, 'Azalia Salsabila Nasya', '2', 0, NULL, NULL, NULL, 'default.png', 'azalia-salsabila-nasya', 'Insert', '2023-11-23 19:22:12', '2023-11-23 19:22:12'),
	(47, 44, 17, 'Alyssa Azzahra Matondang', '2', 0, NULL, NULL, NULL, 'default.png', 'alyssa-azzahra-matondang', 'Insert', '2023-11-23 19:22:12', '2023-11-23 19:22:12'),
	(48, 45, 2, 'Delisha Shadrina Syahqueen', '2', 0, NULL, NULL, NULL, 'default.png', 'delisha-shadrina-syahqueen', 'Insert', '2023-11-23 19:22:12', '2023-11-23 19:22:12'),
	(49, 46, 19, 'Iqlima Almatiin', '2', 0, NULL, NULL, NULL, 'default.png', 'iqlima-almatiin', 'Insert', '2023-11-23 19:22:12', '2023-11-23 19:22:12'),
	(50, 47, 2, 'Tiara Meidy Olivia', '2', 0, NULL, NULL, NULL, 'default.png', 'tiara-meidy-olivia', 'Insert', '2023-11-23 19:22:12', '2023-11-23 19:22:12'),
	(51, 48, 19, 'Thanaya Zifara', '2', 0, NULL, NULL, NULL, 'default.png', 'thanaya-zifara', 'Insert', '2023-11-23 19:22:12', '2023-11-23 19:22:12'),
	(52, 49, 2, 'Nabilah Husna', '2', 0, NULL, NULL, NULL, 'default.png', 'nabilah-husna', 'Insert', '2023-11-23 19:22:12', '2023-11-23 19:22:12'),
	(53, 50, 5, 'Aiman Hakim Ridza', '1', 0, NULL, NULL, NULL, 'default.png', 'aiman-hakim-ridza', 'Insert', '2023-11-23 19:22:12', '2023-11-23 19:22:12'),
	(54, 51, 8, 'Junio Tristan Sanjaya Sembiring', '1', 0, NULL, NULL, NULL, 'default.png', 'junio-tristan-sanjaya-sembiring', 'Insert', '2023-11-23 19:22:12', '2023-11-23 19:22:12'),
	(55, 52, 17, 'Ozzy Radika', '1', 0, NULL, NULL, NULL, 'default.png', 'ozzy-radika', 'Insert', '2023-11-23 19:22:12', '2023-11-23 19:22:12'),
	(56, 53, 8, 'Ismail Dzakir Khafadi', '1', 0, NULL, NULL, NULL, 'default.png', 'ismail-dzakir-khafadi', 'Insert', '2023-11-23 19:22:12', '2023-11-23 19:22:12'),
	(57, 54, 5, 'Azka Aldric', '1', 0, NULL, NULL, NULL, 'default.png', 'azka-aldric', 'Insert', '2023-11-23 19:22:12', '2023-11-23 19:22:12'),
	(58, 55, 12, 'Alief Fiqrie Al Ghifari', '1', 0, NULL, NULL, NULL, 'default.png', 'alief-fiqrie-al-ghifari', 'Insert', '2023-11-23 19:22:12', '2023-11-23 19:22:12'),
	(59, 56, 17, 'M. Azka Putra Caza', '1', 0, NULL, NULL, NULL, 'default.png', 'm-azka-putra-caza', 'Insert', '2023-11-23 19:22:12', '2023-11-23 19:22:12'),
	(60, 57, 1, 'Khalid Ammar Lathif', '1', 0, NULL, NULL, NULL, 'default.png', 'khalid-ammar-lathif', 'Insert', '2023-11-23 19:22:13', '2023-11-23 19:22:13'),
	(61, 58, 2, 'M. Alif Fathir', '1', 0, NULL, NULL, NULL, 'default.png', 'm-alif-fathir', 'Insert', '2023-11-23 19:22:13', '2023-11-23 19:22:13'),
	(62, 59, 20, 'Naufal Arze Rizky', '1', 0, NULL, NULL, NULL, 'default.png', 'naufal-arze-rizky', 'Insert', '2023-11-23 19:22:13', '2023-11-23 19:22:13'),
	(63, 60, 7, 'Kiyan Arkhan Kurniawan', '1', 0, NULL, NULL, NULL, 'default.png', 'kiyan-arkhan-kurniawan', 'Insert', '2023-11-23 19:22:13', '2023-11-23 19:22:13'),
	(64, 61, 4, 'Muhammad Abbian Prayata', '1', 0, NULL, NULL, NULL, 'default.png', 'muhammad-abbian-prayata', 'Insert', '2023-11-23 19:22:13', '2023-11-23 19:22:13'),
	(65, 62, 8, 'King Hafiz Runezia Dinata', '1', 0, NULL, NULL, NULL, 'default.png', 'king-hafiz-runezia-dinata', 'Insert', '2023-11-23 19:22:13', '2023-11-23 19:22:13'),
	(66, 63, 7, 'Dyandra Habibie', '1', 0, NULL, NULL, NULL, 'default.png', 'dyandra-habibie', 'Insert', '2023-11-23 19:22:13', '2023-11-23 19:22:13'),
	(67, 64, 16, 'Nadia Farhana Firmansyah', '2', 0, NULL, NULL, NULL, 'default.png', 'nadia-farhana-firmansyah', 'Insert', '2023-11-23 19:31:25', '2023-11-23 19:31:25'),
	(68, 65, 1, 'Reysha Novrelia Putri Adika', '2', 0, NULL, NULL, NULL, 'default.png', 'reysha-novrelia-putri-adika', 'Insert', '2023-11-23 19:31:25', '2023-11-23 19:31:25'),
	(69, 66, 17, 'Suri Alzira Mauza', '2', 0, NULL, NULL, NULL, 'default.png', 'suri-alzira-mauza', 'Insert', '2023-11-23 19:31:25', '2023-11-23 19:31:25'),
	(70, 67, 5, 'Askanah Bilqis Darwisa', '2', 0, NULL, NULL, NULL, 'default.png', 'askanah-bilqis-darwisa', 'Insert', '2023-11-23 19:31:25', '2023-11-23 19:31:25'),
	(71, 68, 9, 'Amora Belva Syahkira', '2', 0, NULL, NULL, NULL, 'default.png', 'amora-belva-syahkira', 'Insert', '2023-11-23 19:31:25', '2023-11-23 19:31:25'),
	(72, 69, 12, 'Raisya Zhafira', '2', 0, NULL, NULL, NULL, 'default.png', 'raisya-zhafira', 'Insert', '2023-11-23 19:31:25', '2023-11-23 19:31:25'),
	(73, 70, 21, 'Nadiva Alisha Syahropu', '2', 0, NULL, NULL, NULL, 'default.png', 'nadiva-alisha-syahropu', 'Insert', '2023-11-23 19:31:25', '2023-11-23 19:31:25'),
	(74, 71, 8, 'Sarah Fatihah Khoiriyah', '2', 0, NULL, NULL, NULL, 'default.png', 'sarah-fatihah-khoiriyah', 'Insert', '2023-11-23 19:31:25', '2023-11-23 19:31:25'),
	(75, 72, 17, 'Radinka Hamda Sakhia', '2', 0, NULL, NULL, NULL, 'default.png', 'radinka-hamda-sakhia', 'Insert', '2023-11-23 19:31:25', '2023-11-23 19:31:25'),
	(76, 73, 18, 'Talita Fauziah Salim', '2', 0, NULL, NULL, NULL, 'default.png', 'talita-fauziah-salim', 'Insert', '2023-11-23 19:31:25', '2023-11-23 19:31:25'),
	(77, 74, 22, 'Khaira Adzra Prandiya', '2', 0, NULL, NULL, NULL, 'default.png', 'khaira-adzra-prandiya', 'Insert', '2023-11-23 19:31:25', '2023-11-23 19:31:25'),
	(78, 75, 4, 'Regina Difa Christi Pohan', '2', 0, NULL, NULL, NULL, 'default.png', 'regina-difa-christi-pohan', 'Insert', '2023-11-23 19:31:25', '2023-11-23 19:31:25'),
	(79, 76, 17, 'Nailah Sakhi Andyra', '2', 0, NULL, NULL, NULL, 'default.png', 'nailah-sakhi-andyra', 'Insert', '2023-11-23 19:31:25', '2023-11-23 19:31:25'),
	(80, 77, 16, 'Khalisa Fikratuha Putri', '2', 0, NULL, NULL, NULL, 'default.png', 'khalisa-fikratuha-putri', 'Insert', '2023-11-23 19:31:25', '2023-11-23 19:31:25'),
	(81, 78, 8, 'Joelle Abigail Simanjuntak', '2', 0, NULL, NULL, NULL, 'default.png', 'joelle-abigail-simanjuntak', 'Insert', '2023-11-23 19:31:25', '2023-11-23 19:31:25'),
	(82, 79, 23, 'Aqilla Zahwa Azzahra', '2', 0, NULL, NULL, NULL, 'default.png', 'aqilla-zahwa-azzahra', 'Insert', '2023-11-23 19:31:25', '2023-11-23 19:31:25'),
	(83, 80, 8, 'Divya Novaurelin Andrian', '2', 0, NULL, NULL, NULL, 'default.png', 'divya-novaurelin-andrian', 'Insert', '2023-11-23 19:31:25', '2023-11-23 19:31:25'),
	(84, 81, 2, 'Zifa Azzahra Harahap', '2', 0, NULL, NULL, NULL, 'default.png', 'zifa-azzahra-harahap', 'Insert', '2023-11-23 19:31:25', '2023-11-23 19:31:25'),
	(85, 82, 1, 'Fahrisa Arafah Saleh', '2', 0, NULL, NULL, NULL, 'default.png', 'fahrisa-arafah-saleh', 'Insert', '2023-11-23 19:31:25', '2023-11-23 19:31:25'),
	(86, 83, 16, 'Khayla Qorirah Afiqah', '2', 0, NULL, NULL, NULL, 'default.png', 'khayla-qorirah-afiqah', 'Insert', '2023-11-23 19:31:26', '2023-11-23 19:31:26'),
	(87, 84, 1, 'Syakila Amanda Putri', '2', 0, NULL, NULL, NULL, 'default.png', 'syakila-amanda-putri', 'Insert', '2023-11-23 19:31:26', '2023-11-23 19:31:26'),
	(88, 85, 19, 'Hadaya Nasywa Ghina A', '2', 0, NULL, NULL, NULL, 'default.png', 'hadaya-nasywa-ghina-a', 'Insert', '2023-11-23 19:31:26', '2023-11-23 19:31:26'),
	(89, 86, 7, 'Najiyah Aqilla Agsecha', '2', 0, NULL, NULL, NULL, 'default.png', 'najiyah-aqilla-agsecha', 'Insert', '2023-11-23 19:31:26', '2023-11-23 19:31:26'),
	(90, 87, 18, 'Aubrey Athaya Fathurra', '1', 0, NULL, NULL, NULL, 'default.png', 'aubrey-athaya-fathurra', 'Insert', '2023-11-23 19:31:26', '2023-11-23 19:31:26'),
	(91, 88, 6, 'Muhammad Raja Hafuza', '1', 0, NULL, NULL, NULL, 'default.png', 'muhammad-raja-hafuza', 'Insert', '2023-11-23 19:31:26', '2023-11-23 19:31:26'),
	(92, 89, 5, 'Brigade Bharata Reza', '1', 0, NULL, NULL, NULL, 'default.png', 'brigade-bharata-reza', 'Insert', '2023-11-23 19:31:26', '2023-11-23 19:31:26'),
	(93, 90, 17, 'Gaza Yusuf  Maulana', '1', 0, NULL, NULL, NULL, 'default.png', 'gaza-yusuf-maulana', 'Insert', '2023-11-23 19:31:26', '2023-11-23 19:31:26'),
	(94, 91, 7, 'Ariq Rifid Alfatih', '1', 0, NULL, NULL, NULL, 'default.png', 'ariq-rifid-alfatih', 'Insert', '2023-11-23 19:31:26', '2023-11-23 19:31:26'),
	(95, 92, 4, 'Fayyadh Argani Zulian', '1', 0, NULL, NULL, NULL, 'default.png', 'fayyadh-argani-zulian', 'Insert', '2023-11-23 19:31:26', '2023-11-23 19:31:26'),
	(96, 93, 8, 'Falihul Ahza Sugiyo Pranawa', '1', 0, NULL, NULL, NULL, 'default.png', 'falihul-ahza-sugiyo-pranawa', 'Insert', '2023-11-23 19:31:26', '2023-11-23 19:31:26'),
	(97, 94, 6, 'Fharel Lhailatul Azzahary', '1', 0, NULL, NULL, NULL, 'default.png', 'fharel-lhailatul-azzahary', 'Insert', '2023-11-23 19:31:26', '2023-11-23 19:31:26'),
	(98, 95, 17, 'Rizky Perdana Alfarizy Lbs', '1', 0, NULL, NULL, NULL, 'default.png', 'rizky-perdana-alfarizy-lbs', 'Insert', '2023-11-23 19:31:26', '2023-11-23 19:31:26'),
	(99, 96, 8, 'Athallah Rizqi Arkana Prasetyo', '1', 0, NULL, NULL, NULL, 'default.png', 'athallah-rizqi-arkana-prasetyo', 'Insert', '2023-11-23 19:31:26', '2023-11-23 19:31:26'),
	(100, 97, 24, 'Fawwas Rafello', '1', 0, NULL, NULL, NULL, 'default.png', 'fawwas-rafello', 'Insert', '2023-11-23 19:31:26', '2023-11-23 19:31:26'),
	(101, 98, 12, 'Athallah Faiz Al-haq', '1', 0, NULL, NULL, NULL, 'default.png', 'athallah-faiz-al-haq', 'Insert', '2023-11-23 19:31:26', '2023-11-23 19:31:26'),
	(102, 99, 2, 'Bagas Fathin Arkana', '1', 0, NULL, NULL, NULL, 'default.png', 'bagas-fathin-arkana', 'Insert', '2023-11-23 19:31:26', '2023-11-23 19:31:26'),
	(103, 100, 3, 'Agung Willy Yossa', '1', 0, NULL, NULL, NULL, 'default.png', 'agung-willy-yossa', 'Insert', '2023-11-23 19:31:26', '2023-11-23 19:31:26'),
	(104, 101, 12, 'Faris Ritonga', '1', 0, NULL, NULL, NULL, 'default.png', 'faris-ritonga', 'Insert', '2023-11-23 19:31:26', '2023-11-23 19:31:26'),
	(105, 102, 5, 'Raditya Zaverio Chandra', '1', 0, NULL, NULL, NULL, 'default.png', 'raditya-zaverio-chandra', 'Insert', '2023-11-23 19:31:26', '2023-11-23 19:31:26'),
	(106, 103, 17, 'Kamal Alhamid Dina', '1', 0, NULL, NULL, NULL, 'default.png', 'kamal-alhamid-dina', 'Insert', '2023-11-23 19:31:26', '2023-11-23 19:31:26'),
	(107, 104, 4, 'Fahrezi Naufallika', '1', 0, NULL, NULL, NULL, 'default.png', 'fahrezi-naufallika', 'Insert', '2023-11-23 19:31:26', '2023-11-23 19:31:26'),
	(108, 105, 2, 'Muhammad Naufal Dzaky', '1', 0, NULL, NULL, NULL, 'default.png', 'muhammad-naufal-dzaky', 'Insert', '2023-11-23 19:31:26', '2023-11-23 19:31:26'),
	(109, 106, 1, 'Randhyto Auffar Fahreza', '1', 0, NULL, NULL, NULL, 'default.png', 'randhyto-auffar-fahreza', 'Insert', '2023-11-23 19:31:26', '2023-11-23 19:31:26'),
	(110, 107, 17, 'Mhd. Anugerah Abel Alfatih', '1', 0, NULL, NULL, NULL, 'default.png', 'mhd-anugerah-abel-alfatih', 'Insert', '2023-11-23 19:31:26', '2023-11-23 19:31:26'),
	(111, 108, 24, 'Muzakki Altaf Hidayat', '1', 0, NULL, NULL, NULL, 'default.png', 'muzakki-altaf-hidayat', 'Insert', '2023-11-23 19:31:26', '2023-11-23 19:31:26'),
	(112, 109, 17, 'Shafa Aqilah', '2', 0, NULL, NULL, NULL, 'default.png', 'shafa-aqilah', 'Insert', '2023-11-23 19:31:26', '2023-11-23 19:31:26'),
	(113, 110, 19, 'Luthfiyah Humairah', '2', 0, NULL, NULL, NULL, 'default.png', 'luthfiyah-humairah', 'Insert', '2023-11-23 19:31:26', '2023-11-23 19:31:26'),
	(114, 111, 7, 'Fildzah Latifah Dayini', '2', 0, NULL, NULL, NULL, 'default.png', 'fildzah-latifah-dayini', 'Insert', '2023-11-23 19:31:26', '2023-11-23 19:31:26'),
	(115, 112, 16, 'Khalisa Sabrina', '2', 0, NULL, NULL, NULL, 'default.png', 'khalisa-sabrina', 'Insert', '2023-11-23 19:31:26', '2023-11-23 19:31:26'),
	(116, 113, 11, 'Azzalea Zahra Indraraharja', '2', 0, NULL, NULL, NULL, 'default.png', 'azzalea-zahra-indraraharja', 'Insert', '2023-11-23 19:31:26', '2023-11-23 19:31:26'),
	(117, 114, 2, 'Nadhira Azzahra Darmawan', '2', 0, NULL, NULL, NULL, 'default.png', 'nadhira-azzahra-darmawan', 'Insert', '2023-11-23 19:31:26', '2023-11-23 19:31:26'),
	(118, 115, 24, 'Monza Michaela Sasmita Adi', '2', 0, NULL, NULL, NULL, 'default.png', 'monza-michaela-sasmita-adi', 'Insert', '2023-11-23 19:31:26', '2023-11-23 19:31:26'),
	(119, 116, 7, 'Zahira Trisna Malika Dewi', '2', 0, NULL, NULL, NULL, 'default.png', 'zahira-trisna-malika-dewi', 'Insert', '2023-11-23 19:31:26', '2023-11-23 19:31:26'),
	(120, 117, 19, 'Dyah Ayu Pratiwi', '2', 0, NULL, NULL, NULL, 'default.png', 'dyah-ayu-pratiwi', 'Insert', '2023-11-23 19:31:26', '2023-11-23 19:31:26'),
	(121, 118, 9, 'Maisya Aqila', '2', 0, NULL, NULL, NULL, 'default.png', 'maisya-aqila', 'Insert', '2023-11-23 19:31:26', '2023-11-23 19:31:26'),
	(122, 119, 25, 'Yusmailika Dwi Cahya', '2', 0, NULL, NULL, NULL, 'default.png', 'yusmailika-dwi-cahya', 'Insert', '2023-11-23 19:31:26', '2023-11-23 19:31:26'),
	(123, 120, 9, 'Almira Putri Ghannyy Raharjo', '2', 0, NULL, NULL, NULL, 'default.png', 'almira-putri-ghannyy-raharjo', 'Insert', '2023-11-23 19:31:26', '2023-11-23 19:31:26'),
	(124, 121, 26, 'Cory Darya', '2', 0, NULL, NULL, NULL, 'default.png', 'cory-darya', 'Insert', '2023-11-23 19:31:26', '2023-11-23 19:31:26'),
	(125, 122, 24, 'Dzakiyah Haura Lutfi\'ah', '2', 0, NULL, NULL, NULL, 'default.png', 'dzakiyah-haura-lutfi-ah', 'Insert', '2023-11-23 19:31:26', '2023-11-23 19:31:26'),
	(126, 123, 4, 'Khatami Sahira', '2', 0, NULL, NULL, NULL, 'default.png', 'khatami-sahira', 'Insert', '2023-11-23 19:31:26', '2023-11-23 19:31:26'),
	(127, 124, 12, 'Khalishah Qatrunnada', '2', 0, NULL, NULL, NULL, 'default.png', 'khalishah-qatrunnada', 'Insert', '2023-11-23 19:31:27', '2023-11-23 19:31:27'),
	(128, 125, 12, 'Rhevano Putra Anugrah', '1', 0, NULL, NULL, NULL, 'default.png', 'rhevano-putra-anugrah', 'Insert', '2023-11-23 19:31:27', '2023-11-23 19:31:27'),
	(129, 126, 4, 'Husain', '1', 0, NULL, NULL, NULL, 'default.png', 'husain', 'Insert', '2023-11-23 19:31:27', '2023-11-23 19:31:27'),
	(130, 127, 7, 'Evan Rasyid Siregar', '1', 0, NULL, NULL, NULL, 'default.png', 'evan-rasyid-siregar', 'Insert', '2023-11-23 19:31:27', '2023-11-23 19:31:27'),
	(131, 128, 5, 'Triady Satrio Pamungkas', '1', 0, NULL, NULL, NULL, 'default.png', 'triady-satrio-pamungkas', 'Insert', '2023-11-23 19:31:27', '2023-11-23 19:31:27'),
	(132, 129, 3, 'Arvand Danish Syuhada Al Hafizh', '1', 0, NULL, NULL, NULL, 'default.png', 'arvand-danish-syuhada-al-hafizh', 'Insert', '2023-11-23 19:31:27', '2023-11-23 19:31:27'),
	(133, 130, 24, 'Januandra Chanaro', '1', 0, NULL, NULL, NULL, 'default.png', 'januandra-chanaro', 'Insert', '2023-11-23 19:31:27', '2023-11-23 19:31:27'),
	(134, 131, 2, 'Alif Meldy Zaidan', '1', 0, NULL, NULL, NULL, 'default.png', 'alif-meldy-zaidan', 'Insert', '2023-11-23 19:31:27', '2023-11-23 19:31:27'),
	(135, 132, 12, 'Bintang Willy Ramadhan', '1', 0, NULL, NULL, NULL, 'default.png', 'bintang-willy-ramadhan', 'Insert', '2023-11-23 19:31:27', '2023-11-23 19:31:27'),
	(136, 133, 5, 'Soji Agung Pramana', '1', 0, NULL, NULL, NULL, 'default.png', 'soji-agung-pramana', 'Insert', '2023-11-23 19:31:27', '2023-11-23 19:31:27'),
	(137, 134, 8, 'Lewi Saduto Tambun', '1', 0, NULL, NULL, NULL, 'default.png', 'lewi-saduto-tambun', 'Insert', '2023-11-23 19:31:27', '2023-11-23 19:31:27'),
	(138, 135, 26, 'M. Ikhsan Saputra', '1', 0, NULL, NULL, NULL, 'default.png', 'm-ikhsan-saputra', 'Insert', '2023-11-23 19:31:27', '2023-11-23 19:31:27'),
	(139, 136, 2, 'Rasya Aqil Arif Hakim', '1', 0, NULL, NULL, NULL, 'default.png', 'rasya-aqil-arif-hakim', 'Insert', '2023-11-23 19:31:27', '2023-11-23 19:31:27'),
	(140, 137, 19, 'Shandy Alwi Putra', '1', 0, NULL, NULL, NULL, 'default.png', 'shandy-alwi-putra', 'Insert', '2023-11-23 19:31:27', '2023-11-23 19:31:27'),
	(141, 138, 26, 'Dzaky Sandra Farras Arkana', '1', 0, NULL, NULL, NULL, 'default.png', 'dzaky-sandra-farras-arkana', 'Insert', '2023-11-23 19:31:27', '2023-11-23 19:31:27'),
	(142, 139, 4, 'Muhammad Aidan', '1', 0, NULL, NULL, NULL, 'default.png', 'muhammad-aidan', 'Insert', '2023-11-23 19:31:27', '2023-11-23 19:31:27'),
	(143, 140, 26, 'Regiv Zavikra', '1', 0, NULL, NULL, NULL, 'default.png', 'regiv-zavikra', 'Insert', '2023-11-23 19:31:27', '2023-11-23 19:31:27'),
	(144, 141, 17, 'Muhammad Rasya Rafif', '1', 0, NULL, NULL, NULL, 'default.png', 'muhammad-rasya-rafif', 'Insert', '2023-11-23 19:31:27', '2023-11-23 19:31:27'),
	(145, 142, 9, 'Fhajar Rizky Maulana', '1', 0, NULL, NULL, NULL, 'default.png', 'fhajar-rizky-maulana', 'Insert', '2023-11-23 19:31:27', '2023-11-23 19:31:27'),
	(146, 143, 12, 'Maher Satrio Rahman', '1', 0, NULL, NULL, NULL, 'default.png', 'maher-satrio-rahman', 'Insert', '2023-11-23 19:31:27', '2023-11-23 19:31:27'),
	(147, 144, 16, 'Muhammad Ghaisan Almas', '1', 0, NULL, NULL, NULL, 'default.png', 'muhammad-ghaisan-almas', 'Insert', '2023-11-23 19:31:27', '2023-11-23 19:31:27'),
	(148, 145, 27, 'Muhammad Dzaky Almair Agasta', '1', 0, NULL, NULL, NULL, 'default.png', 'muhammad-dzaky-almair-agasta', 'Insert', '2023-11-23 19:31:27', '2023-11-23 19:31:27'),
	(149, 146, 7, 'Dziyab Faruq Aljefi', '1', 0, NULL, NULL, NULL, 'default.png', 'dziyab-faruq-aljefi', 'Insert', '2023-11-23 19:31:27', '2023-11-23 19:31:27'),
	(150, 147, 24, 'Muhammad Ozil Hidayat', '1', 0, NULL, NULL, NULL, 'default.png', 'muhammad-ozil-hidayat', 'Insert', '2023-11-23 19:31:27', '2023-11-23 19:31:27'),
	(151, 148, 5, 'Akhdan  Ziyad Rafareza', '1', 0, NULL, NULL, NULL, 'default.png', 'akhdan-ziyad-rafareza', 'Insert', '2023-11-23 19:31:27', '2023-11-23 19:31:27'),
	(152, 149, 18, 'Daffa Abiyyu Afsan', '1', 0, NULL, NULL, NULL, 'default.png', 'daffa-abiyyu-afsan', 'Insert', '2023-11-23 19:31:27', '2023-11-23 19:31:27'),
	(153, 150, 2, 'Albie Meldy Yukio', '1', 0, NULL, NULL, NULL, 'default.png', 'albie-meldy-yukio', 'Insert', '2023-11-23 19:31:27', '2023-11-23 19:31:27'),
	(154, 151, 12, 'Fazila Hanza', '2', 0, NULL, NULL, NULL, 'default.png', 'fazila-hanza', 'Insert', '2023-11-23 19:38:22', '2023-11-23 19:38:22'),
	(155, 152, 2, 'An Najwa Putri', '2', 0, NULL, NULL, NULL, 'default.png', 'an-najwa-putri', 'Insert', '2023-11-23 19:38:22', '2023-11-23 19:38:22'),
	(156, 153, 8, 'Alzena Delfi Liora', '2', 0, NULL, NULL, NULL, 'default.png', 'alzena-delfi-liora', 'Insert', '2023-11-23 19:38:22', '2023-11-23 19:38:22'),
	(157, 154, 6, 'Aura Tirta Ramadana', '2', 0, NULL, NULL, NULL, 'default.png', 'aura-tirta-ramadana', 'Insert', '2023-11-23 19:38:22', '2023-11-23 19:38:22'),
	(158, 155, 28, 'Mozza Aurella Safaraz', '2', 0, NULL, NULL, NULL, 'default.png', 'mozza-aurella-safaraz', 'Insert', '2023-11-23 19:38:22', '2023-11-23 19:38:22'),
	(159, 156, 9, 'Nada Salsabila', '2', 0, NULL, NULL, NULL, 'default.png', 'nada-salsabila', 'Insert', '2023-11-23 19:38:22', '2023-11-23 19:38:22'),
	(160, 157, 20, 'Khanza Aulia', '2', 0, NULL, NULL, NULL, 'default.png', 'khanza-aulia', 'Insert', '2023-11-23 19:38:22', '2023-11-23 19:38:22'),
	(161, 158, 29, 'Riska Aulia', '2', 0, NULL, NULL, NULL, 'default.png', 'riska-aulia', 'Insert', '2023-11-23 19:38:22', '2023-11-23 19:38:22'),
	(162, 159, 1, 'Syalwa Anindira', '2', 0, NULL, NULL, NULL, 'default.png', 'syalwa-anindira', 'Insert', '2023-11-23 19:38:22', '2023-11-23 19:38:22'),
	(163, 160, 2, 'Aqilah Syifa Annur', '2', 0, NULL, NULL, NULL, 'default.png', 'aqilah-syifa-annur', 'Insert', '2023-11-23 19:38:22', '2023-11-23 19:38:22'),
	(164, 161, 9, 'Zahiyah Fairuz', '2', 0, NULL, NULL, NULL, 'default.png', 'zahiyah-fairuz', 'Insert', '2023-11-23 19:38:22', '2023-11-23 19:38:22'),
	(165, 162, 7, 'Atifa Harzula Akselia', '2', 0, NULL, NULL, NULL, 'default.png', 'atifa-harzula-akselia', 'Insert', '2023-11-23 19:38:22', '2023-11-23 19:38:22'),
	(166, 163, 30, 'Zalwa Nurdesvani', '2', 0, NULL, NULL, NULL, 'default.png', 'zalwa-nurdesvani', 'Insert', '2023-11-23 19:38:22', '2023-11-23 19:38:22'),
	(167, 164, 24, 'Assyifa Akillasyah', '2', 0, NULL, NULL, NULL, 'default.png', 'assyifa-akillasyah', 'Insert', '2023-11-23 19:38:22', '2023-11-23 19:38:22'),
	(168, 165, 8, 'Nuraisha Izzatul Jannah', '2', 0, NULL, NULL, NULL, 'default.png', 'nuraisha-izzatul-jannah', 'Insert', '2023-11-23 19:38:22', '2023-11-23 19:38:22'),
	(169, 166, 8, 'Sheza Fatillah Ramadhani', '2', 0, NULL, NULL, NULL, 'default.png', 'sheza-fatillah-ramadhani', 'Insert', '2023-11-23 19:38:22', '2023-11-23 19:38:22'),
	(181, 178, 35, 'Ivana Azalia Zahra', '2', 0, NULL, NULL, NULL, 'default.png', 'ivana-azalia-zahra', 'Insert', '2023-11-23 19:52:49', '2023-11-23 19:52:49'),
	(182, 179, 12, 'Marsya Aulia Khaida Putri', '2', 0, NULL, NULL, NULL, 'default.png', 'marsya-aulia-khaida-putri', 'Insert', '2023-11-23 19:52:49', '2023-11-23 19:52:49'),
	(183, 180, 36, 'Asya Azzahra', '2', 0, NULL, NULL, NULL, 'default.png', 'asya-azzahra', 'Insert', '2023-11-23 19:52:49', '2023-11-23 19:52:49'),
	(184, 181, 3, 'Revani Putri Adydinanti', '2', 0, NULL, NULL, NULL, 'default.png', 'revani-putri-adydinanti', 'Insert', '2023-11-23 19:52:49', '2023-11-23 19:52:49'),
	(185, 182, 37, 'Saysar Putri Nadin Istiarini', '2', 0, NULL, NULL, NULL, 'default.png', 'saysar-putri-nadin-istiarini', 'Insert', '2023-11-23 19:52:49', '2023-11-23 19:52:49'),
	(186, 183, 24, 'Lulu Dwi Anjani', '2', 0, NULL, NULL, NULL, 'default.png', 'lulu-dwi-anjani', 'Insert', '2023-11-23 19:52:49', '2023-11-23 19:52:49'),
	(187, 184, 36, 'Gwenda Gaizka', '2', 0, NULL, NULL, NULL, 'default.png', 'gwenda-gaizka', 'Insert', '2023-11-23 19:52:49', '2023-11-23 19:52:49'),
	(188, 185, 18, 'Marselle Giana', '2', 0, NULL, NULL, NULL, 'default.png', 'marselle-giana', 'Insert', '2023-11-23 19:52:49', '2023-11-23 19:52:49'),
	(189, 186, 36, 'Athifa Declarin', '2', 0, NULL, NULL, NULL, 'default.png', 'athifa-declarin', 'Insert', '2023-11-23 19:52:49', '2023-11-23 19:52:49'),
	(190, 187, 12, 'Nabilla Rizky Amanda', '2', 0, NULL, NULL, NULL, 'default.png', 'nabilla-rizky-amanda', 'Insert', '2023-11-23 19:52:49', '2023-11-23 19:52:49'),
	(191, 188, 17, 'Vania Atika Putri Siregar', '2', 0, NULL, NULL, NULL, 'default.png', 'vania-atika-putri-siregar', 'Insert', '2023-11-23 19:52:49', '2023-11-23 19:52:49'),
	(192, 189, 38, 'Ratu Siva Hutami Purba', '2', 0, NULL, NULL, NULL, 'default.png', 'ratu-siva-hutami-purba', 'Insert', '2023-11-23 19:52:49', '2023-11-23 19:52:49'),
	(193, 190, 17, 'Laura Ivana Tesalonika Sihaloho', '2', 0, NULL, NULL, NULL, 'default.png', 'laura-ivana-tesalonika-sihaloho', 'Insert', '2023-11-23 19:52:50', '2023-11-23 19:52:50'),
	(194, 191, 2, 'Ziyan Silmi Harahap', '2', 0, NULL, NULL, NULL, 'default.png', 'ziyan-silmi-harahap', 'Insert', '2023-11-23 19:52:50', '2023-11-23 19:52:50'),
	(195, 192, 24, 'Jovanca Charlotte Sasmita Adi', '2', 0, NULL, NULL, NULL, 'default.png', 'jovanca-charlotte-sasmita-adi', 'Insert', '2023-11-23 19:52:50', '2023-11-23 19:52:50'),
	(196, 193, 1, 'Putrisia Mutiara Sakti', '2', 0, NULL, NULL, NULL, 'default.png', 'putrisia-mutiara-sakti', 'Insert', '2023-11-23 19:52:50', '2023-11-23 19:52:50'),
	(197, 194, 2, 'Tiara Hayyu Salsabila', '2', 0, NULL, NULL, NULL, 'default.png', 'tiara-hayyu-salsabila', 'Insert', '2023-11-23 19:52:50', '2023-11-23 19:52:50'),
	(198, 195, 12, 'Chelshy Abdinca Avelina Kirana Putri', '2', 0, NULL, NULL, NULL, 'default.png', 'chelshy-abdinca-avelina-kirana-putri', 'Insert', '2023-11-23 19:52:50', '2023-11-23 19:52:50'),
	(199, 196, 12, 'Aura Maulidiah', '2', 0, NULL, NULL, NULL, 'default.png', 'aura-maulidiah', 'Insert', '2023-11-23 19:52:50', '2023-11-23 19:52:50'),
	(200, 197, 8, 'Cristian Devalde Erikson Marpaung', '1', 0, NULL, NULL, NULL, 'default.png', 'cristian-devalde-erikson-marpaung', 'Insert', '2023-11-23 19:52:50', '2023-11-23 19:52:50'),
	(201, 198, 17, 'Alif Alfaridzi', '1', 0, NULL, NULL, NULL, 'default.png', 'alif-alfaridzi', 'Insert', '2023-11-23 19:52:50', '2023-11-23 19:52:50'),
	(202, 199, 11, 'Amar Firdaus Ts', '1', 0, NULL, NULL, NULL, 'default.png', 'amar-firdaus-ts', 'Insert', '2023-11-23 19:52:50', '2023-11-23 19:52:50'),
	(203, 200, 8, 'Fadil Dikara A Nugrah', '1', 0, NULL, NULL, NULL, 'default.png', 'fadil-dikara-a-nugrah', 'Insert', '2023-11-23 19:52:50', '2023-11-23 19:52:50'),
	(204, 201, 26, 'Daffa Muhammad Al Fauzen', '1', 0, NULL, NULL, NULL, 'default.png', 'daffa-muhammad-al-fauzen', 'Insert', '2023-11-23 19:52:50', '2023-11-23 19:52:50'),
	(205, 202, 17, 'Muhammad Lutfi Kamil Siregar', '1', 0, NULL, NULL, NULL, 'default.png', 'muhammad-lutfi-kamil-siregar', 'Insert', '2023-11-23 19:52:50', '2023-11-23 19:52:50'),
	(206, 203, 25, 'Nicodemus Budiartha Adi Sukarno', '1', 0, NULL, NULL, NULL, 'default.png', 'nicodemus-budiartha-adi-sukarno', 'Insert', '2023-11-23 19:52:50', '2023-11-23 19:52:50'),
	(207, 204, 24, 'Rafi Pandu Gumilang', '1', 0, NULL, NULL, NULL, 'default.png', 'rafi-pandu-gumilang', 'Insert', '2023-11-23 19:52:50', '2023-11-23 19:52:50'),
	(208, 205, 12, 'Adam Zuhri Ramadhan', '1', 0, NULL, NULL, NULL, 'default.png', 'adam-zuhri-ramadhan', 'Insert', '2023-11-23 19:52:50', '2023-11-23 19:52:50'),
	(209, 206, 17, 'M. Fakhri Azakwan', '1', 0, NULL, NULL, NULL, 'default.png', 'm-fakhri-azakwan', 'Insert', '2023-11-23 19:52:50', '2023-11-23 19:52:50'),
	(210, 207, 29, 'Mhd. David Aldi Nasution', '1', 0, NULL, NULL, NULL, 'default.png', 'mhd-david-aldi-nasution', 'Insert', '2023-11-23 19:52:50', '2023-11-23 19:52:50'),
	(211, 208, 12, 'Ahmad Arrazin', '1', 0, NULL, NULL, NULL, 'default.png', 'ahmad-arrazin', 'Insert', '2023-11-23 19:52:50', '2023-11-23 19:52:50'),
	(212, 209, 7, 'Ignatius Ario Subagya', '1', 0, NULL, NULL, NULL, 'default.png', 'ignatius-ario-subagya', 'Insert', '2023-11-23 19:52:50', '2023-11-23 19:52:50'),
	(213, 210, 39, 'Bimo Panca Pangestu', '1', 0, NULL, NULL, NULL, 'default.png', 'bimo-panca-pangestu', 'Insert', '2023-11-23 19:52:50', '2023-11-23 19:52:50'),
	(214, 211, 12, 'Narendra Ahmad Kartiko', '1', 0, NULL, NULL, NULL, 'default.png', 'narendra-ahmad-kartiko', 'Insert', '2023-11-23 19:52:50', '2023-11-23 19:52:50'),
	(215, 212, 1, 'Aura Latisha Aquina', '2', 0, NULL, NULL, NULL, 'default.png', 'aura-latisha-aquina-2', 'Insert', '2023-11-23 19:52:50', '2023-11-23 19:52:50'),
	(216, 213, 3, 'Andi Athirah Ramlah Junaedi', '2', 0, NULL, NULL, NULL, 'default.png', 'andi-athirah-ramlah-junaedi-2', 'Insert', '2023-11-23 19:52:50', '2023-11-23 19:52:50'),
	(217, 214, 7, 'Kamania Kirana Wijaya', '2', 0, NULL, NULL, NULL, 'default.png', 'kamania-kirana-wijaya-2', 'Insert', '2023-11-23 19:52:50', '2023-11-23 19:52:50'),
	(218, 215, 4, 'Annasya Fatia Maritza', '2', 0, NULL, NULL, NULL, 'default.png', 'annasya-fatia-maritza-2', 'Insert', '2023-11-23 19:52:50', '2023-11-23 19:52:50'),
	(219, 216, 2, 'Gendis Alvinqa Sinaga', '2', 0, NULL, NULL, NULL, 'default.png', 'gendis-alvinqa-sinaga-2', 'Insert', '2023-11-23 19:52:50', '2023-11-23 19:52:50'),
	(220, 217, 8, 'Karaissa Nadhifa Cinta Gitri', '2', 0, NULL, NULL, NULL, 'default.png', 'karaissa-nadhifa-cinta-gitri-2', 'Insert', '2023-11-23 19:52:50', '2023-11-23 19:52:50'),
	(221, 218, 3, 'Rayhana Muthia Zhafira Syuhada', '2', 0, NULL, NULL, NULL, 'default.png', 'rayhana-muthia-zhafira-syuhada-2', 'Insert', '2023-11-23 19:52:50', '2023-11-23 19:52:50'),
	(222, 219, 4, 'Qiana Shaqayla Irawan', '2', 0, NULL, NULL, NULL, 'default.png', 'qiana-shaqayla-irawan-2', 'Insert', '2023-11-23 19:52:50', '2023-11-23 19:52:50'),
	(223, 220, 7, 'Rawnie Fathina Agsecha', '2', 0, NULL, NULL, NULL, 'default.png', 'rawnie-fathina-agsecha-2', 'Insert', '2023-11-23 19:52:50', '2023-11-23 19:52:50'),
	(224, 221, 3, 'Melissa Aurellia Jasmine', '2', 0, NULL, NULL, NULL, 'default.png', 'melissa-aurellia-jasmine-2', 'Insert', '2023-11-23 19:52:50', '2023-11-23 19:52:50'),
	(225, 222, 6, 'Almahyra Shaqueena. K', '2', 0, NULL, NULL, NULL, 'default.png', 'almahyra-shaqueena-k-2', 'Insert', '2023-11-23 19:52:51', '2023-11-23 19:52:51'),
	(226, 223, 3, 'Gendhis Prianka Lova', '2', 0, NULL, NULL, NULL, 'default.png', 'gendhis-prianka-lova-2', 'Insert', '2023-11-23 19:52:51', '2023-11-23 19:52:51'),
	(227, 224, 9, 'Adhwa Isrami Tazkia', '2', 0, NULL, NULL, NULL, 'default.png', 'adhwa-isrami-tazkia-2', 'Insert', '2023-11-23 19:52:51', '2023-11-23 19:52:51'),
	(228, 225, 8, 'Kheira Hafizah Cateleya Jaidi', '2', 0, NULL, NULL, NULL, 'default.png', 'kheira-hafizah-cateleya-jaidi-2', 'Insert', '2023-11-23 19:52:51', '2023-11-23 19:52:51'),
	(229, 226, 5, 'Nurcelya  Almeera  Ajunnata', '2', 0, NULL, NULL, NULL, 'default.png', 'nurcelya-almeera-ajunnata-2', 'Insert', '2023-11-23 19:52:51', '2023-11-23 19:52:51'),
	(230, 227, 4, 'Alya Shakila', '2', 0, NULL, NULL, NULL, 'default.png', 'alya-shakila-2', 'Insert', '2023-11-23 19:52:51', '2023-11-23 19:52:51'),
	(231, 228, 8, 'Muhammad Zafran Al Fatih', '1', 0, NULL, NULL, NULL, 'default.png', 'muhammad-zafran-al-fatih-2', 'Insert', '2023-11-23 19:52:51', '2023-11-23 19:52:51'),
	(232, 229, 4, 'Shahzad Kasyafani Zulian', '1', 0, NULL, NULL, NULL, 'default.png', 'shahzad-kasyafani-zulian-2', 'Insert', '2023-11-23 19:52:51', '2023-11-23 19:52:51'),
	(233, 230, 10, 'Muhammad Rifqi Irsyad Alfarizi', '1', 0, NULL, NULL, NULL, 'default.png', 'muhammad-rifqi-irsyad-alfarizi-2', 'Insert', '2023-11-23 19:52:51', '2023-11-23 19:52:51'),
	(234, 231, 6, 'Azka Ar Razzaaq Arianto', '1', 0, NULL, NULL, NULL, 'default.png', 'azka-ar-razzaaq-arianto-2', 'Insert', '2023-11-23 19:52:51', '2023-11-23 19:52:51'),
	(235, 232, 11, 'Abqary Mahameru Safaraz', '1', 0, NULL, NULL, NULL, 'default.png', 'abqary-mahameru-safaraz-2', 'Insert', '2023-11-23 19:52:51', '2023-11-23 19:52:51'),
	(236, 233, 12, 'Gabriell Cleinthanos Sitanggang', '1', 0, NULL, NULL, NULL, 'default.png', 'gabriell-cleinthanos-sitanggang-2', 'Insert', '2023-11-23 19:52:51', '2023-11-23 19:52:51'),
	(237, 234, 7, 'Aghara Kheivan Adinata', '1', 0, NULL, NULL, NULL, 'default.png', 'aghara-kheivan-adinata-2', 'Insert', '2023-11-23 19:52:51', '2023-11-23 19:52:51'),
	(238, 235, 6, 'Nadhira Rezeki Ananda', '2', 0, NULL, NULL, NULL, 'default.png', 'nadhira-rezeki-ananda-2', 'Insert', '2023-11-23 19:52:51', '2023-11-23 19:52:51'),
	(239, 236, 8, 'Azalia Salsabila Nasya', '2', 0, NULL, NULL, NULL, 'default.png', 'azalia-salsabila-nasya-2', 'Insert', '2023-11-23 19:52:51', '2023-11-23 19:52:51'),
	(240, 237, 2, 'Delisha Shadrina Syahqueen', '2', 0, NULL, NULL, NULL, 'default.png', 'delisha-shadrina-syahqueen-2', 'Insert', '2023-11-23 19:52:51', '2023-11-23 19:52:51'),
	(241, 238, 17, 'Khalilah Azzura Nasution', '2', 0, NULL, NULL, NULL, 'default.png', 'khalilah-azzura-nasution-2', 'Insert', '2023-11-23 19:52:51', '2023-11-23 19:52:51'),
	(242, 239, 2, 'Nabilah Husna', '2', 0, NULL, NULL, NULL, 'default.png', 'nabilah-husna-2', 'Insert', '2023-11-23 19:52:51', '2023-11-23 19:52:51'),
	(243, 240, 4, 'Naura Azzahra Rahma', '2', 0, NULL, NULL, NULL, 'default.png', 'naura-azzahra-rahma-2', 'Insert', '2023-11-23 19:52:51', '2023-11-23 19:52:51'),
	(244, 241, 2, 'Queen Amaradita Darmawan', '2', 0, NULL, NULL, NULL, 'default.png', 'queen-amaradita-darmawan-2', 'Insert', '2023-11-23 19:52:51', '2023-11-23 19:52:51'),
	(245, 242, 17, 'Alyssa Azzahra Matondang', '2', 0, NULL, NULL, NULL, 'default.png', 'alyssa-azzahra-matondang-2', 'Insert', '2023-11-23 19:52:51', '2023-11-23 19:52:51'),
	(246, 243, 18, 'Ceisya Nayyasa Quincy', '2', 0, NULL, NULL, NULL, 'default.png', 'ceisya-nayyasa-quincy-2', 'Insert', '2023-11-23 19:52:51', '2023-11-23 19:52:51'),
	(247, 244, 19, 'Thanaya Zifara', '2', 0, NULL, NULL, NULL, 'default.png', 'thanaya-zifara-2', 'Insert', '2023-11-23 19:52:51', '2023-11-23 19:52:51'),
	(248, 245, 16, 'Shandria Maharani Dyanto', '2', 0, NULL, NULL, NULL, 'default.png', 'shandria-maharani-dyanto-2', 'Insert', '2023-11-23 19:52:51', '2023-11-23 19:52:51'),
	(249, 246, 1, 'Aslamia Armiah Sitepu', '2', 0, NULL, NULL, NULL, 'default.png', 'aslamia-armiah-sitepu-2', 'Insert', '2023-11-23 19:52:51', '2023-11-23 19:52:51'),
	(250, 247, 2, 'Tiara Meidy Olivia', '2', 0, NULL, NULL, NULL, 'default.png', 'tiara-meidy-olivia-2', 'Insert', '2023-11-23 19:52:51', '2023-11-23 19:52:51'),
	(251, 248, 4, 'Malayeka Shaziva Rifza', '2', 0, NULL, NULL, NULL, 'default.png', 'malayeka-shaziva-rifza-2', 'Insert', '2023-11-23 19:52:51', '2023-11-23 19:52:51'),
	(252, 249, 17, 'Hauri Washfa Kamila', '2', 0, NULL, NULL, NULL, 'default.png', 'hauri-washfa-kamila-2', 'Insert', '2023-11-23 19:52:51', '2023-11-23 19:52:51'),
	(253, 250, 1, 'Islamia Armiah Sitepu', '2', 0, NULL, NULL, NULL, 'default.png', 'islamia-armiah-sitepu-2', 'Insert', '2023-11-23 19:52:51', '2023-11-23 19:52:51'),
	(254, 251, 19, 'Iqlima Almatiin', '2', 0, NULL, NULL, NULL, 'default.png', 'iqlima-almatiin-2', 'Insert', '2023-11-23 19:52:51', '2023-11-23 19:52:51'),
	(255, 252, 2, 'Amira Qabila Lingga', '2', 0, NULL, NULL, NULL, 'default.png', 'amira-qabila-lingga-2', 'Insert', '2023-11-23 19:52:51', '2023-11-23 19:52:51'),
	(256, 253, 17, 'Fakhirah Shabila Asrul', '2', 0, NULL, NULL, NULL, 'default.png', 'fakhirah-shabila-asrul-2', 'Insert', '2023-11-23 19:52:51', '2023-11-23 19:52:51'),
	(257, 254, 6, 'Oktri Adli Kalifah', '2', 0, NULL, NULL, NULL, 'default.png', 'oktri-adli-kalifah-2', 'Insert', '2023-11-23 19:52:51', '2023-11-23 19:52:51'),
	(258, 255, 4, 'Muhammad Abbian Prayata', '1', 0, NULL, NULL, NULL, 'default.png', 'muhammad-abbian-prayata-2', 'Insert', '2023-11-23 19:52:51', '2023-11-23 19:52:51'),
	(259, 256, 2, 'M. Alif Fathir', '1', 0, NULL, NULL, NULL, 'default.png', 'm-alif-fathir-2', 'Insert', '2023-11-23 19:52:52', '2023-11-23 19:52:52'),
	(260, 257, 8, 'Ismail Dzakir Khafadi', '1', 0, NULL, NULL, NULL, 'default.png', 'ismail-dzakir-khafadi-2', 'Insert', '2023-11-23 19:52:52', '2023-11-23 19:52:52'),
	(261, 258, 17, 'M. Azka Putra Caza', '1', 0, NULL, NULL, NULL, 'default.png', 'm-azka-putra-caza-2', 'Insert', '2023-11-23 19:52:52', '2023-11-23 19:52:52'),
	(262, 259, 7, 'Dyandra Habibie', '1', 0, NULL, NULL, NULL, 'default.png', 'dyandra-habibie-2', 'Insert', '2023-11-23 19:52:52', '2023-11-23 19:52:52'),
	(263, 260, 5, 'Azka Aldric', '1', 0, NULL, NULL, NULL, 'default.png', 'azka-aldric-2', 'Insert', '2023-11-23 19:52:52', '2023-11-23 19:52:52'),
	(264, 261, 8, 'Junio Tristan Sanjaya Sembiring', '1', 0, NULL, NULL, NULL, 'default.png', 'junio-tristan-sanjaya-sembiring-2', 'Insert', '2023-11-23 19:52:52', '2023-11-23 19:52:52'),
	(265, 262, 20, 'Naufal Arze Rizky', '1', 0, NULL, NULL, NULL, 'default.png', 'naufal-arze-rizky-2', 'Insert', '2023-11-23 19:52:52', '2023-11-23 19:52:52'),
	(266, 263, 7, 'Kiyan Arkhan Kurniawan', '1', 0, NULL, NULL, NULL, 'default.png', 'kiyan-arkhan-kurniawan-2', 'Insert', '2023-11-23 19:52:52', '2023-11-23 19:52:52'),
	(267, 264, 1, 'Khalid Ammar Lathif', '1', 0, NULL, NULL, NULL, 'default.png', 'khalid-ammar-lathif-2', 'Insert', '2023-11-23 19:52:52', '2023-11-23 19:52:52'),
	(268, 265, 8, 'King Hafiz Runezia Dinata', '1', 0, NULL, NULL, NULL, 'default.png', 'king-hafiz-runezia-dinata-2', 'Insert', '2023-11-23 19:52:52', '2023-11-23 19:52:52'),
	(269, 266, 17, 'Ozzy Radika', '1', 0, NULL, NULL, NULL, 'default.png', 'ozzy-radika-2', 'Insert', '2023-11-23 19:52:52', '2023-11-23 19:52:52'),
	(270, 267, 5, 'Aiman Hakim Ridza', '1', 0, NULL, NULL, NULL, 'default.png', 'aiman-hakim-ridza-2', 'Insert', '2023-11-23 19:52:52', '2023-11-23 19:52:52'),
	(271, 268, 12, 'Alief Fiqrie Al Ghifari', '1', 0, NULL, NULL, NULL, 'default.png', 'alief-fiqrie-al-ghifari-2', 'Insert', '2023-11-23 19:52:52', '2023-11-23 19:52:52'),
	(272, 269, 36, 'Alvin Adzana Putra', '1', 0, NULL, NULL, NULL, 'default.png', 'alvin-adzana-putra', 'Insert', '2023-11-23 23:51:44', '2023-11-23 23:51:44'),
	(273, 270, 29, 'Amru Assahidy', '1', 0, NULL, NULL, NULL, 'default.png', 'amru-assahidy', 'Insert', '2023-11-23 23:51:44', '2023-11-23 23:51:44'),
	(274, 271, 12, 'Risky Alvaro Qodry', '1', 0, NULL, NULL, NULL, 'default.png', 'risky-alvaro-qodry', 'Insert', '2023-11-23 23:51:44', '2023-11-23 23:51:44'),
	(275, 272, 36, 'Fadli Ansyari', '1', 0, NULL, NULL, NULL, 'default.png', 'fadli-ansyari', 'Insert', '2023-11-23 23:51:44', '2023-11-23 23:51:44');

-- Membuang data untuk tabel skate_db.tournaments: ~1 rows (lebih kurang)
INSERT INTO `tournaments` (`id`, `tournament`, `start_date`, `end_date`, `location`, `description`, `slug`, `created_at`, `updated_at`) VALUES
	(1, 'KEJUARAAN SEPATU RODA "PIALA BUPATI SIAK" TAHUN 2023', '2023-11-24', '2023-11-26', 'VENUE SEPATU RODA KEC. MEMPURA KAB. SIAK', NULL, 'kejuaraan-sepatu-roda-piala-bupati-siak-tahun-2023', '2023-11-23 07:14:17', '2023-11-23 07:14:17');

-- Membuang data untuk tabel skate_db.tournament_groups: ~15 rows (lebih kurang)
INSERT INTO `tournament_groups` (`id`, `tournament_id`, `group`, `gender`, `description`, `min_age`, `max_age`, `status`, `slug`, `created_at`, `updated_at`) VALUES
	(1, 1, 'ITT KU A PUTRA 200', '1', NULL, 2016, 2018, '2', 'itt-ku-a-putra', '2023-11-23 07:15:09', '2023-11-24 01:29:36'),
	(2, 1, 'ITT KU A PUTRI 200', '2', NULL, 2016, 2018, '2', 'itt-ku-a-putri', '2023-11-23 07:15:23', '2023-11-24 01:39:14'),
	(3, 1, 'ITT KU B PUTRI 200', '2', NULL, 2014, 2015, '2', 'itt-ku-b-putri', '2023-11-23 07:16:18', '2023-11-24 02:11:30'),
	(4, 1, 'ITT KU B PUTRA 200', '1', NULL, 2014, 2015, '2', 'itt-ku-b-putra', '2023-11-23 07:16:30', '2023-11-24 02:17:54'),
	(5, 1, 'ITT KU C PUTRA 200', '1', NULL, 2012, 2013, '2', 'itt-ku-c-putra', '2023-11-23 07:16:30', '2023-11-24 03:29:24'),
	(6, 1, 'ITT KU C PUTRI 200', '2', NULL, 2012, 2013, '2', 'itt-ku-c-putri', '2023-11-23 07:16:30', '2023-11-24 03:40:51'),
	(7, 1, 'ITT KU D PUTRA 200', '1', NULL, 2009, 2011, '2', 'itt-ku-d-putra', '2023-11-23 07:16:30', '2023-11-24 04:28:57'),
	(8, 1, 'ITT KU D PUTRI 200', '2', NULL, 2009, 2011, '2', 'itt-ku-d-putri', '2023-11-23 07:16:30', '2023-11-24 03:48:23'),
	(9, 1, 'ITT KU JUNSEN PUTRA 200', '1', NULL, 1970, 2008, '2', 'itt-ku-junsen-putra', '2023-11-23 07:16:30', '2023-11-24 07:15:50'),
	(10, 1, 'ITT KU JUNSEN PUTRI 200', '2', NULL, 1970, 2008, '2', 'itt-ku-junsen-putri', '2023-11-23 07:16:30', '2023-11-24 05:06:25'),
	(11, 1, 'SPEED KU A PUTRA 500', '1', NULL, 2016, 2018, '0', 'speed-ku-a-putra', '2023-11-23 07:16:30', '2023-11-23 07:16:30'),
	(12, 1, 'SPEED KU A PUTRI 500', '2', NULL, 2016, 2018, '0', 'speed-ku-a-putri', '2023-11-23 07:16:30', '2023-11-23 07:16:30'),
	(13, 1, 'SPEED KU B PUTRA 500', '1', NULL, 2014, 2015, '0', 'speed-ku-b-putra', '2023-11-23 07:16:30', '2023-11-23 07:16:30'),
	(14, 1, 'SPEED KU B PUTRI 500', '2', NULL, 2014, 2015, '0', 'speed-ku-b-putri', '2023-11-23 07:16:30', '2023-11-23 07:16:30'),
	(15, 1, 'STANDARD KU D PUTRA 1000', '1', NULL, 2009, 2011, '2', 'standard-ku-d-1000', '2023-11-23 23:48:20', '2023-11-24 10:32:16');

-- Membuang data untuk tabel skate_db.tournament_participants: ~255 rows (lebih kurang)
INSERT INTO `tournament_participants` (`id`, `member_id`, `group_id`, `no_participant`, `slug`, `created_at`, `updated_at`) VALUES
	(1, 1, 2, '1278', '1700724655', '2023-11-23 07:30:48', '2023-11-23 07:30:48'),
	(2, 2, 2, '1209', '1700724656', '2023-11-23 07:30:48', '2023-11-23 07:30:48'),
	(3, 3, 2, '1254', '1700724657', '2023-11-23 07:30:48', '2023-11-23 07:30:48'),
	(4, 4, 2, '1048', '1700724658', '2023-11-23 07:30:48', '2023-11-23 07:30:48'),
	(5, 5, 2, '1049', '1700724659', '2023-11-23 07:30:48', '2023-11-23 07:30:48'),
	(6, 6, 2, '1171', '1700724660', '2023-11-23 07:30:48', '2023-11-23 07:30:48'),
	(7, 7, 2, '1147', '1700724661', '2023-11-23 07:30:48', '2023-11-23 07:30:48'),
	(8, 8, 2, '1050', '1700724662', '2023-11-23 07:30:48', '2023-11-23 07:30:48'),
	(9, 9, 2, '1353', '1700724663', '2023-11-23 07:30:48', '2023-11-23 07:30:48'),
	(10, 10, 2, '1030', '1700724664', '2023-11-23 07:30:48', '2023-11-23 07:30:48'),
	(11, 11, 2, '1252', '1700724665', '2023-11-23 07:30:48', '2023-11-23 07:30:48'),
	(12, 12, 2, '1378', '1700724666', '2023-11-23 07:30:48', '2023-11-23 07:30:48'),
	(13, 13, 2, '1383', '1700724667', '2023-11-23 07:30:48', '2023-11-23 07:30:48'),
	(14, 14, 2, '1251', '1700724668', '2023-11-23 07:30:48', '2023-11-23 07:30:48'),
	(15, 15, 2, '1031', '1700724669', '2023-11-23 07:30:48', '2023-11-23 07:30:48'),
	(16, 16, 2, '1253', '1700724670', '2023-11-23 07:30:48', '2023-11-23 07:30:48'),
	(17, 17, 1, '1029', '1700724982', '2023-11-23 07:36:15', '2023-11-23 07:36:15'),
	(18, 18, 1, '1051', '1700724983', '2023-11-23 07:36:15', '2023-11-23 07:36:15'),
	(19, 19, 1, '1106', '1700724984', '2023-11-23 07:36:15', '2023-11-23 07:36:15'),
	(20, 20, 1, '1148', '1700724985', '2023-11-23 07:36:15', '2023-11-23 07:36:15'),
	(21, 21, 1, '1162', '1700724986', '2023-11-23 07:36:15', '2023-11-23 07:36:15'),
	(22, 22, 1, '1330', '1700724988', '2023-11-23 07:36:16', '2023-11-23 07:36:16'),
	(23, 23, 1, '1349', '1700724989', '2023-11-23 07:36:16', '2023-11-23 07:36:16'),
	(30, 30, 3, '1053', '1700767339', '2023-11-23 19:22:12', '2023-11-23 19:22:12'),
	(31, 31, 3, '1135', '1700767340', '2023-11-23 19:22:12', '2023-11-23 19:22:12'),
	(32, 32, 3, '1054', '1700767341', '2023-11-23 19:22:12', '2023-11-23 19:22:12'),
	(33, 33, 3, '1213', '1700767342', '2023-11-23 19:22:12', '2023-11-23 19:22:12'),
	(34, 34, 3, '1192', '1700767343', '2023-11-23 19:22:12', '2023-11-23 19:22:12'),
	(35, 35, 3, '1146', '1700767344', '2023-11-23 19:22:12', '2023-11-23 19:22:12'),
	(36, 36, 3, '1113', '1700767345', '2023-11-23 19:22:12', '2023-11-23 19:22:12'),
	(37, 37, 3, '1280', '1700767346', '2023-11-23 19:22:12', '2023-11-23 19:22:12'),
	(38, 38, 3, '1145', '1700767347', '2023-11-23 19:22:12', '2023-11-23 19:22:12'),
	(39, 39, 3, '1279', '1700767348', '2023-11-23 19:22:12', '2023-11-23 19:22:12'),
	(40, 40, 3, '1190', '1700767349', '2023-11-23 19:22:12', '2023-11-23 19:22:12'),
	(41, 41, 3, '1211', '1700767350', '2023-11-23 19:22:12', '2023-11-23 19:22:12'),
	(42, 42, 3, '1193', '1700767351', '2023-11-23 19:22:12', '2023-11-23 19:22:12'),
	(43, 43, 3, '1034', '1700767352', '2023-11-23 19:22:12', '2023-11-23 19:22:12'),
	(44, 44, 3, '1191', '1700767353', '2023-11-23 19:22:12', '2023-11-23 19:22:12'),
	(45, 45, 3, '1210', '1700767354', '2023-11-23 19:22:12', '2023-11-23 19:22:12'),
	(46, 46, 3, '1125', '1700767355', '2023-11-23 19:22:12', '2023-11-23 19:22:12'),
	(47, 47, 3, '1212', '1700767356', '2023-11-23 19:22:12', '2023-11-23 19:22:12'),
	(48, 48, 3, '1123', '1700767357', '2023-11-23 19:22:12', '2023-11-23 19:22:12'),
	(49, 49, 3, '1214', '1700767358', '2023-11-23 19:22:12', '2023-11-23 19:22:12'),
	(50, 50, 4, '1169', '1700767359', '2023-11-23 19:22:12', '2023-11-23 19:22:12'),
	(51, 51, 4, '1035', '1700767360', '2023-11-23 19:22:12', '2023-11-23 19:22:12'),
	(52, 52, 4, '1189', '1700767361', '2023-11-23 19:22:12', '2023-11-23 19:22:12'),
	(53, 53, 4, '1033', '1700767362', '2023-11-23 19:22:12', '2023-11-23 19:22:12'),
	(54, 54, 4, '1170', '1700767363', '2023-11-23 19:22:12', '2023-11-23 19:22:12'),
	(55, 55, 4, '1329', '1700767364', '2023-11-23 19:22:12', '2023-11-23 19:22:12'),
	(56, 56, 4, '1188', '1700767365', '2023-11-23 19:22:12', '2023-11-23 19:22:12'),
	(57, 57, 4, '1281', '1700767367', '2023-11-23 19:22:13', '2023-11-23 19:22:13'),
	(58, 58, 4, '1215', '1700767368', '2023-11-23 19:22:13', '2023-11-23 19:22:13'),
	(59, 59, 4, '1237', '1700767369', '2023-11-23 19:22:13', '2023-11-23 19:22:13'),
	(60, 60, 4, '1352', '1700767370', '2023-11-23 19:22:13', '2023-11-23 19:22:13'),
	(61, 61, 4, '1052', '1700767371', '2023-11-23 19:22:13', '2023-11-23 19:22:13'),
	(62, 62, 4, '1032', '1700767372', '2023-11-23 19:22:13', '2023-11-23 19:22:13'),
	(63, 63, 4, '1379', '1700767373', '2023-11-23 19:22:13', '2023-11-23 19:22:13'),
	(64, 64, 6, '1137', '1700767892', '2023-11-23 19:31:25', '2023-11-23 19:31:25'),
	(65, 65, 6, '1283', '1700767893', '2023-11-23 19:31:25', '2023-11-23 19:31:25'),
	(66, 66, 6, '1196', '1700767894', '2023-11-23 19:31:25', '2023-11-23 19:31:25'),
	(67, 67, 6, '1168', '1700767895', '2023-11-23 19:31:25', '2023-11-23 19:31:25'),
	(68, 68, 6, '1382', '1700767896', '2023-11-23 19:31:25', '2023-11-23 19:31:25'),
	(69, 69, 6, '1326', '1700767897', '2023-11-23 19:31:25', '2023-11-23 19:31:25'),
	(70, 70, 6, '1108', '1700767898', '2023-11-23 19:31:25', '2023-11-23 19:31:25'),
	(71, 71, 6, '1037', '1700767899', '2023-11-23 19:31:25', '2023-11-23 19:31:25'),
	(72, 72, 6, '1194', '1700767900', '2023-11-23 19:31:25', '2023-11-23 19:31:25'),
	(73, 73, 6, '1114', '1700767901', '2023-11-23 19:31:25', '2023-11-23 19:31:25'),
	(74, 74, 6, '1393', '1700767902', '2023-11-23 19:31:25', '2023-11-23 19:31:25'),
	(75, 75, 6, '1057', '1700767903', '2023-11-23 19:31:25', '2023-11-23 19:31:25'),
	(76, 76, 6, '1198', '1700767904', '2023-11-23 19:31:25', '2023-11-23 19:31:25'),
	(77, 77, 6, '1138', '1700767905', '2023-11-23 19:31:25', '2023-11-23 19:31:25'),
	(78, 78, 6, '1039', '1700767906', '2023-11-23 19:31:25', '2023-11-23 19:31:25'),
	(79, 79, 6, '1122', '1700767907', '2023-11-23 19:31:25', '2023-11-23 19:31:25'),
	(80, 80, 6, '1038', '1700767908', '2023-11-23 19:31:25', '2023-11-23 19:31:25'),
	(81, 81, 6, '1216', '1700767909', '2023-11-23 19:31:25', '2023-11-23 19:31:25'),
	(82, 82, 6, '1282', '1700767910', '2023-11-23 19:31:25', '2023-11-23 19:31:25'),
	(83, 83, 6, '1136', '1700767912', '2023-11-23 19:31:26', '2023-11-23 19:31:26'),
	(84, 84, 6, '1284', '1700767913', '2023-11-23 19:31:26', '2023-11-23 19:31:26'),
	(85, 85, 6, '1126', '1700767914', '2023-11-23 19:31:26', '2023-11-23 19:31:26'),
	(86, 86, 6, '1367', '1700767915', '2023-11-23 19:31:26', '2023-11-23 19:31:26'),
	(87, 87, 5, '1115', '1700767916', '2023-11-23 19:31:26', '2023-11-23 19:31:26'),
	(88, 88, 5, '1143', '1700767917', '2023-11-23 19:31:26', '2023-11-23 19:31:26'),
	(89, 89, 5, '1166', '1700767918', '2023-11-23 19:31:26', '2023-11-23 19:31:26'),
	(90, 90, 5, '1197', '1700767919', '2023-11-23 19:31:26', '2023-11-23 19:31:26'),
	(91, 91, 5, '1363', '1700767920', '2023-11-23 19:31:26', '2023-11-23 19:31:26'),
	(92, 92, 5, '1055', '1700767921', '2023-11-23 19:31:26', '2023-11-23 19:31:26'),
	(93, 93, 5, '1036', '1700767922', '2023-11-23 19:31:26', '2023-11-23 19:31:26'),
	(94, 94, 5, '1144', '1700767923', '2023-11-23 19:31:26', '2023-11-23 19:31:26'),
	(95, 95, 5, '1195', '1700767924', '2023-11-23 19:31:26', '2023-11-23 19:31:26'),
	(96, 96, 5, '1040', '1700767925', '2023-11-23 19:31:26', '2023-11-23 19:31:26'),
	(97, 97, 5, '1150', '1700767926', '2023-11-23 19:31:26', '2023-11-23 19:31:26'),
	(98, 98, 5, '1328', '1700767927', '2023-11-23 19:31:26', '2023-11-23 19:31:26'),
	(99, 99, 5, '1218', '1700767928', '2023-11-23 19:31:26', '2023-11-23 19:31:26'),
	(100, 100, 5, '1255', '1700767929', '2023-11-23 19:31:26', '2023-11-23 19:31:26'),
	(101, 101, 5, '1327', '1700767930', '2023-11-23 19:31:26', '2023-11-23 19:31:26'),
	(102, 102, 5, '1167', '1700767931', '2023-11-23 19:31:26', '2023-11-23 19:31:26'),
	(103, 103, 5, '1200', '1700767932', '2023-11-23 19:31:26', '2023-11-23 19:31:26'),
	(104, 104, 5, '1056', '1700767933', '2023-11-23 19:31:26', '2023-11-23 19:31:26'),
	(105, 105, 5, '1217', '1700767934', '2023-11-23 19:31:26', '2023-11-23 19:31:26'),
	(106, 106, 5, '1287', '1700767935', '2023-11-23 19:31:26', '2023-11-23 19:31:26'),
	(107, 107, 5, '1199', '1700767936', '2023-11-23 19:31:26', '2023-11-23 19:31:26'),
	(108, 108, 5, '1151', '1700767937', '2023-11-23 19:31:26', '2023-11-23 19:31:26'),
	(109, 109, 8, '1201', '1700767954', '2023-11-23 19:31:26', '2023-11-23 19:31:26'),
	(110, 110, 8, '1128', '1700767955', '2023-11-23 19:31:26', '2023-11-23 19:31:26'),
	(111, 111, 8, '1374', '1700767956', '2023-11-23 19:31:26', '2023-11-23 19:31:26'),
	(112, 112, 8, '1140', '1700767957', '2023-11-23 19:31:26', '2023-11-23 19:31:26'),
	(113, 113, 8, '1161', '1700767958', '2023-11-23 19:31:26', '2023-11-23 19:31:26'),
	(114, 114, 8, '1220', '1700767959', '2023-11-23 19:31:26', '2023-11-23 19:31:26'),
	(115, 115, 8, '1152', '1700767960', '2023-11-23 19:31:26', '2023-11-23 19:31:26'),
	(116, 116, 8, '1375', '1700767961', '2023-11-23 19:31:26', '2023-11-23 19:31:26'),
	(117, 117, 8, '1127', '1700767962', '2023-11-23 19:31:26', '2023-11-23 19:31:26'),
	(118, 118, 8, '1384', '1700767963', '2023-11-23 19:31:26', '2023-11-23 19:31:26'),
	(119, 119, 8, '1102', '1700767964', '2023-11-23 19:31:26', '2023-11-23 19:31:26'),
	(120, 120, 8, '1390', '1700767965', '2023-11-23 19:31:26', '2023-11-23 19:31:26'),
	(121, 121, 8, '1302', '1700767966', '2023-11-23 19:31:26', '2023-11-23 19:31:26'),
	(122, 122, 8, '1156', '1700767967', '2023-11-23 19:31:26', '2023-11-23 19:31:26'),
	(123, 123, 8, '1058', '1700767969', '2023-11-23 19:31:27', '2023-11-23 19:31:27'),
	(124, 124, 8, '1319', '1700767970', '2023-11-23 19:31:27', '2023-11-23 19:31:27'),
	(125, 125, 7, '1322', '1700767971', '2023-11-23 19:31:27', '2023-11-23 19:31:27'),
	(126, 126, 7, '1059', '1700767972', '2023-11-23 19:31:27', '2023-11-23 19:31:27'),
	(127, 127, 7, '1371', '1700767973', '2023-11-23 19:31:27', '2023-11-23 19:31:27'),
	(128, 128, 7, '1163', '1700767974', '2023-11-23 19:31:27', '2023-11-23 19:31:27'),
	(129, 129, 7, '1256', '1700767975', '2023-11-23 19:31:27', '2023-11-23 19:31:27'),
	(130, 130, 7, '1154', '1700767976', '2023-11-23 19:31:27', '2023-11-23 19:31:27'),
	(131, 131, 7, '1223', '1700767977', '2023-11-23 19:31:27', '2023-11-23 19:31:27'),
	(132, 132, 7, '1325', '1700767978', '2023-11-23 19:31:27', '2023-11-23 19:31:27'),
	(133, 133, 7, '1164', '1700767979', '2023-11-23 19:31:27', '2023-11-23 19:31:27'),
	(134, 134, 7, '1041', '1700767980', '2023-11-23 19:31:27', '2023-11-23 19:31:27'),
	(135, 135, 7, '1304', '1700767981', '2023-11-23 19:31:27', '2023-11-23 19:31:27'),
	(136, 136, 7, '1224', '1700767982', '2023-11-23 19:31:27', '2023-11-23 19:31:27'),
	(137, 137, 7, '1124', '1700767983', '2023-11-23 19:31:27', '2023-11-23 19:31:27'),
	(138, 138, 7, '1305', '1700767984', '2023-11-23 19:31:27', '2023-11-23 19:31:27'),
	(139, 139, 7, '1060', '1700767985', '2023-11-23 19:31:27', '2023-11-23 19:31:27'),
	(140, 140, 7, '1303', '1700767986', '2023-11-23 19:31:27', '2023-11-23 19:31:27'),
	(141, 141, 7, '1202', '1700767987', '2023-11-23 19:31:27', '2023-11-23 19:31:27'),
	(142, 142, 7, '1381', '1700767988', '2023-11-23 19:31:27', '2023-11-23 19:31:27'),
	(143, 143, 7, '1324', '1700767989', '2023-11-23 19:31:27', '2023-11-23 19:31:27'),
	(144, 144, 7, '1139', '1700767990', '2023-11-23 19:31:27', '2023-11-23 19:31:27'),
	(145, 145, 7, '1208', '1700767991', '2023-11-23 19:31:27', '2023-11-23 19:31:27'),
	(146, 146, 7, '1372', '1700767992', '2023-11-23 19:31:27', '2023-11-23 19:31:27'),
	(147, 147, 7, '1155', '1700767993', '2023-11-23 19:31:27', '2023-11-23 19:31:27'),
	(148, 148, 7, '1165', '1700767994', '2023-11-23 19:31:27', '2023-11-23 19:31:27'),
	(149, 149, 7, '1117', '1700767995', '2023-11-23 19:31:27', '2023-11-23 19:31:27'),
	(150, 150, 7, '1222', '1700767996', '2023-11-23 19:31:27', '2023-11-23 19:31:27'),
	(151, 151, 8, '1320', '1700768309', '2023-11-23 19:38:22', '2023-11-23 19:38:22'),
	(152, 152, 8, '1221', '1700768310', '2023-11-23 19:38:22', '2023-11-23 19:38:22'),
	(153, 153, 8, '1044', '1700768311', '2023-11-23 19:38:22', '2023-11-23 19:38:22'),
	(154, 154, 8, '1142', '1700768312', '2023-11-23 19:38:22', '2023-11-23 19:38:22'),
	(155, 155, 8, '1394', '1700768313', '2023-11-23 19:38:22', '2023-11-23 19:38:22'),
	(156, 156, 8, '1385', '1700768314', '2023-11-23 19:38:22', '2023-11-23 19:38:22'),
	(157, 157, 8, '1241', '1700768315', '2023-11-23 19:38:22', '2023-11-23 19:38:22'),
	(158, 158, 8, '1021', '1700768316', '2023-11-23 19:38:22', '2023-11-23 19:38:22'),
	(159, 159, 8, '1285', '1700768317', '2023-11-23 19:38:22', '2023-11-23 19:38:22'),
	(160, 160, 8, '1219', '1700768318', '2023-11-23 19:38:22', '2023-11-23 19:38:22'),
	(161, 161, 8, '1380', '1700768319', '2023-11-23 19:38:22', '2023-11-23 19:38:22'),
	(162, 162, 8, '1373', '1700768320', '2023-11-23 19:38:22', '2023-11-23 19:38:22'),
	(163, 163, 8, '1397', '1700768321', '2023-11-23 19:38:22', '2023-11-23 19:38:22'),
	(164, 164, 8, '1153', '1700768322', '2023-11-23 19:38:22', '2023-11-23 19:38:22'),
	(165, 165, 8, '1043', '1700768323', '2023-11-23 19:38:22', '2023-11-23 19:38:22'),
	(166, 166, 8, '1042', '1700768324', '2023-11-23 19:38:22', '2023-11-23 19:38:22'),
	(178, 178, 10, '1087', '1700769176', '2023-11-23 19:52:49', '2023-11-23 19:52:49'),
	(179, 179, 10, '1318', '1700769177', '2023-11-23 19:52:49', '2023-11-23 19:52:49'),
	(180, 180, 10, '1300', '1700769178', '2023-11-23 19:52:49', '2023-11-23 19:52:49'),
	(181, 181, 10, '1257', '1700769179', '2023-11-23 19:52:49', '2023-11-23 19:52:49'),
	(182, 182, 10, '1396', '1700769180', '2023-11-23 19:52:49', '2023-11-23 19:52:49'),
	(183, 183, 10, '1159', '1700769181', '2023-11-23 19:52:49', '2023-11-23 19:52:49'),
	(184, 184, 10, '1299', '1700769182', '2023-11-23 19:52:49', '2023-11-23 19:52:49'),
	(185, 185, 10, '1116', '1700769183', '2023-11-23 19:52:49', '2023-11-23 19:52:49'),
	(186, 186, 10, '1298', '1700769184', '2023-11-23 19:52:49', '2023-11-23 19:52:49'),
	(187, 187, 10, '1314', '1700769185', '2023-11-23 19:52:49', '2023-11-23 19:52:49'),
	(188, 188, 10, '1204', '1700769186', '2023-11-23 19:52:49', '2023-11-23 19:52:49'),
	(189, 189, 10, '1395', '1700769187', '2023-11-23 19:52:49', '2023-11-23 19:52:49'),
	(190, 190, 10, '1207', '1700769189', '2023-11-23 19:52:50', '2023-11-23 19:52:50'),
	(191, 191, 10, '1225', '1700769190', '2023-11-23 19:52:50', '2023-11-23 19:52:50'),
	(192, 192, 10, '1157', '1700769191', '2023-11-23 19:52:50', '2023-11-23 19:52:50'),
	(193, 193, 10, '1286', '1700769192', '2023-11-23 19:52:50', '2023-11-23 19:52:50'),
	(194, 194, 10, '1226', '1700769193', '2023-11-23 19:52:50', '2023-11-23 19:52:50'),
	(195, 195, 10, '1317', '1700769195', '2023-11-23 19:52:50', '2023-11-23 19:52:50'),
	(196, 196, 10, '1316', '1700769196', '2023-11-23 19:52:50', '2023-11-23 19:52:50'),
	(197, 197, 9, '1046', '1700769197', '2023-11-23 19:52:50', '2023-11-23 19:52:50'),
	(198, 198, 9, '1203', '1700769198', '2023-11-23 19:52:50', '2023-11-23 19:52:50'),
	(199, 199, 9, '1160', '1700769199', '2023-11-23 19:52:50', '2023-11-23 19:52:50'),
	(200, 200, 9, '1045', '1700769200', '2023-11-23 19:52:50', '2023-11-23 19:52:50'),
	(201, 201, 9, '1306', '1700769201', '2023-11-23 19:52:50', '2023-11-23 19:52:50'),
	(202, 202, 9, '1205', '1700769202', '2023-11-23 19:52:50', '2023-11-23 19:52:50'),
	(203, 203, 9, '1101', '1700769203', '2023-11-23 19:52:50', '2023-11-23 19:52:50'),
	(204, 204, 9, '1158', '1700769204', '2023-11-23 19:52:50', '2023-11-23 19:52:50'),
	(205, 205, 9, '1315', '1700769205', '2023-11-23 19:52:50', '2023-11-23 19:52:50'),
	(206, 206, 9, '1206', '1700769206', '2023-11-23 19:52:50', '2023-11-23 19:52:50'),
	(207, 207, 9, '1023', '1700769207', '2023-11-23 19:52:50', '2023-11-23 19:52:50'),
	(208, 208, 9, '1321', '1700769208', '2023-11-23 19:52:50', '2023-11-23 19:52:50'),
	(209, 209, 9, '1398', '1700769209', '2023-11-23 19:52:50', '2023-11-23 19:52:50'),
	(210, 210, 9, '1141', '1700769210', '2023-11-23 19:52:50', '2023-11-23 19:52:50'),
	(211, 211, 9, '1323', '1700769211', '2023-11-23 19:52:50', '2023-11-23 19:52:50'),
	(212, 212, 12, '1278', '1700769212', '2023-11-23 19:52:50', '2023-11-23 19:52:50'),
	(213, 213, 12, '1254', '1700769213', '2023-11-23 19:52:50', '2023-11-23 19:52:50'),
	(214, 214, 12, '1378', '1700769214', '2023-11-23 19:52:50', '2023-11-23 19:52:50'),
	(215, 215, 12, '1048', '1700769215', '2023-11-23 19:52:50', '2023-11-23 19:52:50'),
	(216, 216, 12, '1209', '1700769216', '2023-11-23 19:52:50', '2023-11-23 19:52:50'),
	(217, 217, 12, '1030', '1700769217', '2023-11-23 19:52:50', '2023-11-23 19:52:50'),
	(218, 218, 12, '1251', '1700769218', '2023-11-23 19:52:50', '2023-11-23 19:52:50'),
	(219, 219, 12, '1050', '1700769219', '2023-11-23 19:52:50', '2023-11-23 19:52:50'),
	(220, 220, 12, '1353', '1700769220', '2023-11-23 19:52:50', '2023-11-23 19:52:50'),
	(221, 221, 12, '1253', '1700769221', '2023-11-23 19:52:50', '2023-11-23 19:52:50'),
	(222, 222, 12, '1147', '1700769223', '2023-11-23 19:52:51', '2023-11-23 19:52:51'),
	(223, 223, 12, '1252', '1700769224', '2023-11-23 19:52:51', '2023-11-23 19:52:51'),
	(224, 224, 12, '1383', '1700769225', '2023-11-23 19:52:51', '2023-11-23 19:52:51'),
	(225, 225, 12, '1031', '1700769226', '2023-11-23 19:52:51', '2023-11-23 19:52:51'),
	(226, 226, 12, '1171', '1700769227', '2023-11-23 19:52:51', '2023-11-23 19:52:51'),
	(227, 227, 12, '1049', '1700769228', '2023-11-23 19:52:51', '2023-11-23 19:52:51'),
	(228, 228, 11, '1029', '1700769229', '2023-11-23 19:52:51', '2023-11-23 19:52:51'),
	(229, 229, 11, '1051', '1700769230', '2023-11-23 19:52:51', '2023-11-23 19:52:51'),
	(230, 230, 11, '1106', '1700769231', '2023-11-23 19:52:51', '2023-11-23 19:52:51'),
	(231, 231, 11, '1148', '1700769232', '2023-11-23 19:52:51', '2023-11-23 19:52:51'),
	(232, 232, 11, '1162', '1700769233', '2023-11-23 19:52:51', '2023-11-23 19:52:51'),
	(233, 233, 11, '1330', '1700769234', '2023-11-23 19:52:51', '2023-11-23 19:52:51'),
	(234, 234, 11, '1349', '1700769235', '2023-11-23 19:52:51', '2023-11-23 19:52:51'),
	(235, 235, 14, '1146', '1700769236', '2023-11-23 19:52:51', '2023-11-23 19:52:51'),
	(236, 236, 14, '1034', '1700769237', '2023-11-23 19:52:51', '2023-11-23 19:52:51'),
	(237, 237, 14, '1210', '1700769238', '2023-11-23 19:52:51', '2023-11-23 19:52:51'),
	(238, 238, 14, '1192', '1700769239', '2023-11-23 19:52:51', '2023-11-23 19:52:51'),
	(239, 239, 14, '1214', '1700769240', '2023-11-23 19:52:51', '2023-11-23 19:52:51'),
	(240, 240, 14, '1054', '1700769241', '2023-11-23 19:52:51', '2023-11-23 19:52:51'),
	(241, 241, 14, '1211', '1700769242', '2023-11-23 19:52:51', '2023-11-23 19:52:51'),
	(242, 242, 14, '1191', '1700769243', '2023-11-23 19:52:51', '2023-11-23 19:52:51'),
	(243, 243, 14, '1113', '1700769244', '2023-11-23 19:52:51', '2023-11-23 19:52:51'),
	(244, 244, 14, '1123', '1700769245', '2023-11-23 19:52:51', '2023-11-23 19:52:51'),
	(245, 245, 14, '1135', '1700769246', '2023-11-23 19:52:51', '2023-11-23 19:52:51'),
	(246, 246, 14, '1279', '1700769247', '2023-11-23 19:52:51', '2023-11-23 19:52:51'),
	(247, 247, 14, '1212', '1700769248', '2023-11-23 19:52:51', '2023-11-23 19:52:51'),
	(248, 248, 14, '1053', '1700769249', '2023-11-23 19:52:51', '2023-11-23 19:52:51'),
	(249, 249, 14, '1190', '1700769250', '2023-11-23 19:52:51', '2023-11-23 19:52:51'),
	(250, 250, 14, '1280', '1700769251', '2023-11-23 19:52:51', '2023-11-23 19:52:51'),
	(251, 251, 14, '1125', '1700769252', '2023-11-23 19:52:51', '2023-11-23 19:52:51'),
	(252, 252, 14, '1213', '1700769253', '2023-11-23 19:52:51', '2023-11-23 19:52:51'),
	(253, 253, 14, '1193', '1700769254', '2023-11-23 19:52:51', '2023-11-23 19:52:51'),
	(254, 254, 14, '1145', '1700769255', '2023-11-23 19:52:51', '2023-11-23 19:52:51'),
	(255, 255, 13, '1052', '1700769256', '2023-11-23 19:52:51', '2023-11-23 19:52:51'),
	(256, 256, 13, '1215', '1700769258', '2023-11-23 19:52:52', '2023-11-23 19:52:52'),
	(257, 257, 13, '1033', '1700769259', '2023-11-23 19:52:52', '2023-11-23 19:52:52'),
	(258, 258, 13, '1188', '1700769260', '2023-11-23 19:52:52', '2023-11-23 19:52:52'),
	(259, 259, 13, '1379', '1700769261', '2023-11-23 19:52:52', '2023-11-23 19:52:52'),
	(260, 260, 13, '1170', '1700769262', '2023-11-23 19:52:52', '2023-11-23 19:52:52'),
	(261, 261, 13, '1035', '1700769263', '2023-11-23 19:52:52', '2023-11-23 19:52:52'),
	(262, 262, 13, '1237', '1700769264', '2023-11-23 19:52:52', '2023-11-23 19:52:52'),
	(263, 263, 13, '1352', '1700769265', '2023-11-23 19:52:52', '2023-11-23 19:52:52'),
	(264, 264, 13, '1281', '1700769266', '2023-11-23 19:52:52', '2023-11-23 19:52:52'),
	(265, 265, 13, '1032', '1700769267', '2023-11-23 19:52:52', '2023-11-23 19:52:52'),
	(266, 266, 13, '1189', '1700769268', '2023-11-23 19:52:52', '2023-11-23 19:52:52'),
	(267, 267, 13, '1169', '1700769269', '2023-11-23 19:52:52', '2023-11-23 19:52:52'),
	(268, 268, 13, '1329', '1700769270', '2023-11-23 19:52:52', '2023-11-23 19:52:52'),
	(269, 269, 15, '1296', '1700783511', '2023-11-23 23:51:44', '2023-11-23 23:51:44'),
	(270, 270, 15, '1019', '1700783512', '2023-11-23 23:51:44', '2023-11-23 23:51:44'),
	(271, 271, 15, '1339', '1700783513', '2023-11-23 23:51:44', '2023-11-23 23:51:44'),
	(272, 272, 15, '1297', '1700783514', '2023-11-23 23:51:44', '2023-11-23 23:51:44');

-- Membuang data untuk tabel skate_db.users: ~1 rows (lebih kurang)
INSERT INTO `users` (`id`, `name`, `email`, `email_verified_at`, `password`, `roles_id`, `slug`, `is_active`, `is_root`, `remember_token`, `created_at`, `updated_at`) VALUES
	(1, 'Super Admin', 'admin@mail.com', NULL, '$2y$10$NHtPPmC4EstTeQR48.c0m.Pk0G8z22kHikzJI0h4O63U0rhYCAHMm', 1, 'super-admin', '1', '1', NULL, '2023-11-23 07:12:33', '2023-11-23 07:12:33');

/*!40103 SET TIME_ZONE=IFNULL(@OLD_TIME_ZONE, 'system') */;
/*!40101 SET SQL_MODE=IFNULL(@OLD_SQL_MODE, '') */;
/*!40014 SET FOREIGN_KEY_CHECKS=IFNULL(@OLD_FOREIGN_KEY_CHECKS, 1) */;
/*!40101 SET CHARACTER_SET_CLIENT=@OLD_CHARACTER_SET_CLIENT */;
/*!40111 SET SQL_NOTES=IFNULL(@OLD_SQL_NOTES, 1) */;
